year,recipient,sec_01_arms_transfer_tiv,sec_01_arms_transfer_tiv_delivered,sec_01_arms_transfer_orders_ct,sec_01_missing_transfer_tiv,sec_02_surveillance_usd,sec_02_surveillance_ct,sec_03_military_engagement_ct,sec_04_joint_exercise_ct,dev_01_currency_swap_line_extant,dev_01_currency_swap_usd,dev_02_infrastructure_usd,dev_02_infrastructure_ct,dev_03_fdi_usd,dev_03_fdi_derived_usd,dev_04_sez_usd,dev_04_sez_proj_ct,dev_04_sez_unique_site,civ_01_united_front_presence,civ_02_healthcare_usd,civ_02_healthcare_ct,civ_03_outbound_visits_ct,civ_03_inbound_visits_ct,civ_03_total_visits_ct,civ_04_csps_ct,civ_05_judicial_engagement_ct,civ_06_ci_ct,civ_06_cc_ct,civ_06_ci_cc_ct,lat,lon
1999,Afghanistan,NA,NA,NA,NA,NA,NA,NA,NA,N,NA,NA,NA,NA,NA,NA,NA,NA,N,NA,NA,NA,NA,NA,0,NA,0,0,0,33.7680065,66.2385139
1999,Bangladesh,NA,NA,NA,NA,NA,NA,NA,NA,N,NA,NA,NA,NA,NA,NA,NA,NA,N,NA,NA,NA,NA,NA,0,NA,0,0,0,24.4769288,90.2934413
1999,Bhutan,NA,NA,NA,NA,NA,NA,NA,NA,N,NA,NA,NA,NA,NA,NA,NA,NA,N,NA,NA,NA,NA,NA,0,NA,0,0,0,27.549511,90.5119273
1999,Brunei,NA,NA,NA,NA,NA,NA,NA,NA,N,NA,NA,NA,NA,NA,NA,NA,NA,N,NA,NA,NA,NA,NA,0,NA,0,0,0,4.4137155,114.5653908
1999,Cambodia,NA,NA,NA,NA,NA,NA,NA,NA,N,NA,NA,NA,NA,NA,NA,NA,NA,Y,NA,NA,NA,NA,NA,0,NA,0,0,0,12.5433216,104.8144914
1999,North Korea,NA,NA,NA,NA,NA,NA,NA,NA,N,NA,NA,NA,NA,NA,NA,NA,NA,N,NA,NA,NA,NA,NA,NA,NA,0,0,0,40.3736611,127.0870417
1999,India,NA,NA,NA,NA,NA,NA,NA,NA,N,NA,NA,NA,NA,NA,NA,NA,NA,N,NA,NA,NA,NA,NA,0,NA,0,0,0,22.3511148,78.6677428
1999,Indonesia,NA,NA,NA,NA,NA,NA,NA,NA,N,NA,NA,NA,NA,NA,NA,NA,NA,Y,NA,NA,NA,NA,NA,0,NA,0,0,0,-2.4833826,117.8902853
1999,Japan,NA,NA,NA,NA,NA,NA,NA,NA,N,NA,NA,NA,NA,NA,NA,NA,NA,Y,NA,NA,NA,NA,NA,1,NA,0,0,0,36.5748441,139.2394179
1999,Kazakhstan,NA,NA,NA,NA,NA,NA,NA,NA,N,NA,NA,NA,NA,NA,NA,NA,NA,N,NA,NA,NA,NA,NA,0,NA,0,0,0,48.1012954,66.7780818
1999,Kyrgyzstan,NA,NA,NA,NA,NA,NA,NA,NA,N,NA,NA,NA,NA,NA,NA,NA,NA,Y,NA,NA,NA,NA,NA,0,NA,0,0,0,41.5089324,74.724091
1999,Laos,NA,NA,NA,NA,NA,NA,NA,NA,N,NA,NA,NA,NA,NA,NA,NA,NA,Y,NA,NA,NA,NA,NA,0,NA,0,0,0,20.0171109,103.378253
1999,Malaysia,NA,NA,NA,NA,NA,NA,NA,NA,N,NA,NA,NA,NA,NA,NA,NA,NA,Y,NA,NA,NA,NA,NA,0,NA,0,0,0,4.5693754,102.2656823
1999,Maldives,NA,NA,NA,NA,NA,NA,NA,NA,N,NA,NA,NA,NA,NA,NA,NA,NA,N,NA,NA,NA,NA,NA,0,NA,0,0,0,3.7203503,73.2244152
1999,Mongolia,NA,NA,NA,NA,NA,NA,NA,NA,N,NA,NA,NA,NA,NA,NA,NA,NA,N,NA,NA,NA,NA,NA,0,NA,0,0,0,46.8250388,103.8499736
1999,Myanmar,NA,NA,NA,NA,NA,NA,NA,NA,N,NA,NA,NA,NA,NA,NA,NA,NA,N,NA,NA,NA,NA,NA,0,NA,0,0,0,17.1750495,95.9999652
1999,Nepal,NA,NA,NA,NA,NA,NA,NA,NA,N,NA,NA,NA,NA,NA,NA,NA,NA,N,NA,NA,NA,NA,NA,0,NA,0,0,0,28.3780464,83.9999901
1999,Pakistan,NA,NA,NA,NA,NA,NA,NA,NA,N,NA,NA,NA,NA,NA,NA,NA,NA,N,NA,NA,NA,NA,NA,0,NA,0,0,0,30.3308401,71.247499
1999,Philippines,NA,NA,NA,NA,NA,NA,NA,NA,N,NA,NA,NA,NA,NA,NA,NA,NA,Y,NA,NA,NA,NA,NA,1,NA,0,0,0,14.5904492,120.9803621
1999,Russia,NA,NA,NA,NA,NA,NA,NA,NA,N,NA,NA,NA,NA,NA,NA,NA,NA,Y,NA,NA,NA,NA,NA,0,NA,0,0,0,64.6863136,97.7453061
1999,Singapore,NA,NA,NA,NA,NA,NA,NA,NA,N,NA,NA,NA,NA,NA,NA,NA,NA,N,NA,NA,NA,NA,NA,0,NA,0,0,0,1.357107,103.8194992
1999,South Korea,NA,NA,NA,NA,NA,NA,NA,NA,N,NA,NA,NA,NA,NA,NA,NA,NA,Y,NA,NA,NA,NA,NA,0,NA,0,0,0,36.638392,127.6961188
1999,Sri Lanka,NA,NA,NA,NA,NA,NA,NA,NA,N,NA,NA,NA,NA,NA,NA,NA,NA,N,NA,NA,NA,NA,NA,0,NA,0,0,0,7.5554942,80.7137847
1999,Tajikistan,NA,NA,NA,NA,NA,NA,NA,NA,N,NA,NA,NA,NA,NA,NA,NA,NA,N,NA,NA,NA,NA,NA,0,NA,0,0,0,38.6281733,70.8156541
1999,Thailand,NA,NA,NA,NA,NA,NA,NA,NA,N,NA,NA,NA,NA,NA,NA,NA,NA,Y,NA,NA,NA,NA,NA,0,NA,0,0,0,14.8971921,100.83273
1999,Turkmenistan,NA,NA,NA,NA,NA,NA,NA,NA,N,NA,NA,NA,NA,NA,NA,NA,NA,N,NA,NA,NA,NA,NA,0,NA,0,0,0,39.3763807,59.3924609
1999,Uzbekistan,NA,NA,NA,NA,NA,NA,NA,NA,N,NA,NA,NA,NA,NA,NA,NA,NA,N,NA,NA,NA,NA,NA,0,NA,0,0,0,41.32373,63.9528098
1999,Vietnam,NA,NA,NA,NA,NA,NA,NA,NA,N,NA,NA,NA,NA,NA,NA,NA,NA,N,NA,NA,NA,NA,NA,0,NA,0,0,0,15.9266657,107.9650855
2000,Afghanistan,NA,NA,NA,NA,NA,NA,NA,NA,N,NA,NA,NA,NA,NA,NA,NA,NA,N,NA,NA,NA,NA,NA,0,NA,0,0,0,33.7680065,66.2385139
2000,Bangladesh,2.19,2.19,2,0,NA,NA,NA,NA,N,NA,318008144.9,3,NA,NA,NA,NA,NA,N,NA,NA,NA,NA,NA,0,NA,0,0,0,24.4769288,90.2934413
2000,Bhutan,NA,NA,NA,NA,NA,NA,NA,NA,N,NA,NA,NA,NA,NA,NA,NA,NA,N,NA,NA,NA,NA,NA,0,NA,0,0,0,27.549511,90.5119273
2000,Brunei,NA,NA,NA,NA,NA,NA,NA,NA,N,NA,NA,NA,NA,NA,NA,NA,NA,N,NA,NA,NA,NA,NA,0,NA,0,0,0,4.4137155,114.5653908
2000,Cambodia,NA,NA,NA,NA,NA,NA,NA,NA,N,NA,99853889.77,4,NA,NA,NA,NA,NA,Y,NA,NA,NA,NA,NA,0,NA,0,0,0,12.5433216,104.8144914
2000,North Korea,NA,NA,NA,NA,NA,NA,NA,NA,N,NA,NA,NA,NA,NA,NA,NA,NA,N,NA,NA,NA,NA,NA,NA,NA,0,0,0,40.3736611,127.0870417
2000,India,NA,NA,NA,NA,NA,NA,NA,NA,N,NA,NA,NA,NA,NA,NA,NA,NA,N,NA,NA,NA,NA,NA,0,NA,0,0,0,22.3511148,78.6677428
2000,Indonesia,NA,NA,NA,NA,NA,NA,NA,NA,N,NA,NA,NA,NA,NA,NA,NA,NA,Y,NA,NA,NA,NA,NA,1,NA,0,0,0,-2.4833826,117.8902853
2000,Japan,NA,NA,NA,NA,NA,NA,NA,NA,N,NA,NA,NA,NA,NA,NA,NA,NA,Y,NA,NA,NA,NA,NA,0,NA,0,0,0,36.5748441,139.2394179
2000,Kazakhstan,NA,NA,NA,NA,NA,NA,NA,NA,N,NA,NA,NA,NA,NA,NA,NA,NA,N,NA,NA,NA,NA,NA,0,NA,0,0,0,48.1012954,66.7780818
2000,Kyrgyzstan,NA,NA,NA,NA,NA,NA,NA,NA,N,NA,NA,NA,NA,NA,NA,NA,NA,Y,NA,NA,NA,NA,NA,0,NA,0,0,0,41.5089324,74.724091
2000,Laos,NA,NA,NA,NA,NA,NA,NA,NA,N,NA,100576435.3,1,NA,NA,NA,NA,NA,Y,NA,NA,NA,NA,NA,0,NA,0,0,0,20.0171109,103.378253
2000,Malaysia,NA,NA,NA,NA,NA,NA,1,NA,N,NA,NA,NA,NA,NA,NA,NA,NA,Y,NA,NA,NA,NA,NA,0,NA,0,0,0,4.5693754,102.2656823
2000,Maldives,NA,NA,NA,NA,NA,NA,NA,NA,N,NA,NA,NA,NA,NA,NA,NA,NA,N,NA,NA,NA,NA,NA,0,NA,0,0,0,3.7203503,73.2244152
2000,Mongolia,NA,NA,NA,NA,NA,NA,NA,NA,N,NA,121385352.9,2,NA,NA,NA,NA,NA,N,NA,NA,NA,NA,NA,0,NA,0,0,0,46.8250388,103.8499736
2000,Myanmar,NA,NA,NA,NA,NA,NA,NA,NA,N,NA,1016902582,10,NA,NA,NA,NA,NA,N,NA,NA,NA,NA,NA,0,NA,0,0,0,17.1750495,95.9999652
2000,Nepal,NA,NA,NA,NA,NA,NA,NA,NA,N,NA,21014587.23,1,NA,NA,NA,NA,NA,N,NA,NA,NA,NA,NA,0,NA,0,0,0,28.3780464,83.9999901
2000,Pakistan,NA,NA,NA,NA,NA,NA,NA,NA,N,NA,9537420.589,2,NA,NA,NA,NA,NA,N,NA,NA,NA,NA,NA,0,NA,0,0,0,30.3308401,71.247499
2000,Philippines,NA,NA,NA,NA,NA,NA,NA,NA,N,NA,NA,NA,NA,NA,NA,NA,NA,Y,NA,NA,NA,NA,NA,0,NA,0,0,0,14.5904492,120.9803621
2000,Russia,NA,NA,NA,NA,NA,NA,NA,NA,N,NA,NA,NA,NA,NA,NA,NA,NA,Y,NA,NA,NA,NA,NA,0,NA,0,0,0,64.6863136,97.7453061
2000,Singapore,NA,NA,NA,NA,NA,NA,NA,NA,N,NA,NA,NA,NA,NA,NA,NA,NA,N,NA,NA,NA,NA,NA,0,NA,0,0,0,1.357107,103.8194992
2000,South Korea,NA,NA,NA,NA,NA,NA,NA,NA,N,NA,NA,NA,NA,NA,NA,NA,NA,Y,NA,NA,NA,NA,NA,0,NA,0,0,0,36.638392,127.6961188
2000,Sri Lanka,22.9,22.9,2,0,NA,NA,NA,NA,N,NA,10335987.6,1,NA,NA,NA,NA,NA,N,NA,NA,NA,NA,NA,0,NA,0,0,0,7.5554942,80.7137847
2000,Tajikistan,NA,NA,NA,NA,NA,NA,NA,NA,N,NA,NA,NA,NA,NA,NA,NA,NA,N,NA,NA,NA,NA,NA,0,NA,0,0,0,38.6281733,70.8156541
2000,Thailand,NA,NA,NA,NA,NA,NA,NA,NA,N,NA,4286653.457,1,NA,NA,NA,NA,NA,Y,NA,NA,NA,NA,NA,0,NA,0,0,0,14.8971921,100.83273
2000,Turkmenistan,NA,NA,NA,NA,NA,NA,NA,NA,N,NA,NA,NA,NA,NA,NA,NA,NA,N,NA,NA,NA,NA,NA,0,NA,0,0,0,39.3763807,59.3924609
2000,Uzbekistan,NA,NA,NA,NA,NA,NA,NA,NA,N,NA,NA,NA,NA,NA,NA,NA,NA,N,NA,NA,NA,NA,NA,0,NA,0,0,0,41.32373,63.9528098
2000,Vietnam,NA,NA,NA,NA,NA,NA,NA,NA,N,NA,136653240.5,3,NA,NA,NA,NA,NA,N,NA,NA,NA,NA,NA,0,NA,0,0,0,15.9266657,107.9650855
2001,Afghanistan,NA,NA,NA,NA,NA,NA,NA,NA,N,NA,NA,NA,NA,NA,NA,NA,NA,N,NA,NA,NA,NA,NA,0,NA,0,0,0,33.7680065,66.2385139
2001,Bangladesh,NA,NA,NA,NA,NA,NA,NA,NA,N,NA,897538035.7,3,NA,NA,NA,NA,NA,N,NA,NA,NA,NA,NA,0,NA,0,0,0,24.4769288,90.2934413
2001,Bhutan,NA,NA,NA,NA,NA,NA,NA,NA,N,NA,NA,NA,NA,NA,NA,NA,NA,N,NA,NA,NA,NA,NA,0,NA,0,0,0,27.549511,90.5119273
2001,Brunei,NA,NA,NA,NA,NA,NA,NA,NA,N,NA,NA,NA,NA,NA,NA,NA,NA,N,NA,NA,NA,NA,NA,0,NA,0,0,0,4.4137155,114.5653908
2001,Cambodia,NA,NA,NA,NA,225042.0537,1,NA,NA,N,NA,31090273.78,4,NA,NA,NA,NA,NA,Y,NA,NA,NA,NA,NA,0,NA,0,0,0,12.5433216,104.8144914
2001,North Korea,NA,NA,NA,NA,NA,NA,NA,NA,N,NA,NA,NA,NA,NA,NA,NA,NA,N,NA,NA,NA,NA,NA,NA,NA,0,0,0,40.3736611,127.0870417
2001,India,NA,NA,NA,NA,NA,NA,1,NA,N,NA,NA,NA,NA,NA,NA,NA,NA,N,NA,NA,NA,NA,NA,0,NA,0,0,0,22.3511148,78.6677428
2001,Indonesia,NA,NA,NA,NA,NA,NA,NA,NA,N,NA,13594176.54,1,NA,NA,NA,NA,NA,Y,NA,NA,NA,NA,NA,1,NA,0,0,0,-2.4833826,117.8902853
2001,Japan,NA,NA,NA,NA,NA,NA,NA,NA,N,NA,NA,NA,NA,NA,NA,NA,NA,Y,NA,NA,NA,NA,NA,0,NA,0,0,0,36.5748441,139.2394179
2001,Kazakhstan,NA,NA,NA,NA,NA,NA,NA,NA,N,NA,NA,NA,NA,NA,NA,NA,NA,N,NA,NA,NA,NA,NA,0,NA,0,0,0,48.1012954,66.7780818
2001,Kyrgyzstan,NA,NA,NA,NA,1359417.654,1,NA,NA,N,NA,50978162.01,2,NA,NA,NA,NA,NA,Y,NA,NA,NA,NA,NA,0,NA,0,0,0,41.5089324,74.724091
2001,Laos,NA,NA,NA,NA,NA,NA,NA,NA,N,NA,NA,NA,NA,NA,NA,NA,NA,Y,NA,NA,NA,NA,NA,0,NA,0,0,0,20.0171109,103.378253
2001,Malaysia,NA,NA,NA,NA,NA,NA,NA,NA,N,NA,NA,NA,NA,NA,NA,NA,NA,Y,NA,NA,NA,NA,NA,0,NA,0,0,0,4.5693754,102.2656823
2001,Maldives,NA,NA,NA,NA,NA,NA,NA,NA,N,NA,NA,NA,NA,NA,NA,NA,NA,N,NA,NA,NA,NA,NA,0,NA,0,0,0,3.7203503,73.2244152
2001,Mongolia,NA,NA,NA,NA,NA,NA,NA,NA,N,NA,NA,NA,NA,NA,NA,NA,NA,N,679708.8269,1,NA,NA,NA,0,NA,0,0,0,46.8250388,103.8499736
2001,Myanmar,30.5,30.5,2,0,NA,NA,NA,NA,N,NA,300449298,4,NA,NA,NA,NA,NA,N,NA,NA,NA,NA,NA,0,NA,0,0,0,17.1750495,95.9999652
2001,Nepal,NA,NA,NA,NA,NA,NA,NA,NA,N,NA,115649133.3,2,NA,NA,NA,NA,NA,N,98455898.48,1,NA,NA,NA,0,NA,0,0,0,28.3780464,83.9999901
2001,Pakistan,527,527,2,0,NA,NA,1,NA,N,NA,557534393.4,6,NA,NA,NA,NA,NA,N,NA,NA,NA,NA,NA,0,NA,0,0,0,30.3308401,71.247499
2001,Philippines,NA,NA,NA,NA,NA,NA,NA,NA,N,NA,98401370.79,1,NA,NA,NA,NA,NA,Y,NA,NA,NA,NA,NA,0,NA,0,0,0,14.5904492,120.9803621
2001,Russia,NA,NA,NA,NA,NA,NA,NA,NA,N,NA,NA,NA,NA,NA,NA,NA,NA,Y,NA,NA,NA,NA,NA,0,NA,0,0,0,64.6863136,97.7453061
2001,Singapore,NA,NA,NA,NA,NA,NA,NA,NA,N,NA,NA,NA,NA,NA,NA,NA,NA,N,NA,NA,NA,NA,NA,0,NA,0,0,0,1.357107,103.8194992
2001,South Korea,NA,NA,NA,NA,NA,NA,NA,NA,N,NA,NA,NA,NA,NA,NA,NA,NA,Y,NA,NA,NA,NA,NA,0,NA,0,0,0,36.638392,127.6961188
2001,Sri Lanka,42,42,1,0,NA,NA,NA,NA,N,NA,216693344,2,NA,NA,NA,NA,NA,N,NA,NA,NA,NA,NA,0,NA,0,0,0,7.5554942,80.7137847
2001,Tajikistan,NA,NA,NA,NA,NA,NA,NA,NA,N,NA,NA,NA,NA,NA,NA,NA,NA,N,NA,NA,NA,NA,NA,0,NA,0,0,0,38.6281733,70.8156541
2001,Thailand,NA,NA,NA,NA,NA,NA,NA,NA,N,NA,NA,NA,NA,NA,NA,NA,NA,Y,NA,NA,NA,NA,NA,0,NA,0,0,0,14.8971921,100.83273
2001,Turkmenistan,NA,NA,NA,NA,NA,NA,NA,NA,N,NA,10195632.4,2,NA,NA,NA,NA,NA,N,NA,NA,NA,NA,NA,0,NA,0,0,0,39.3763807,59.3924609
2001,Uzbekistan,NA,NA,NA,NA,NA,NA,NA,NA,N,NA,843907.7013,1,NA,NA,NA,NA,NA,N,NA,NA,NA,NA,NA,0,NA,0,0,0,41.32373,63.9528098
2001,Vietnam,NA,NA,NA,NA,NA,NA,1,NA,N,NA,10195632.4,1,NA,NA,NA,NA,NA,N,NA,NA,NA,NA,NA,0,NA,0,0,0,15.9266657,107.9650855
2002,Afghanistan,NA,NA,NA,NA,4391675.456,1,NA,NA,N,NA,0,1,NA,NA,NA,NA,NA,N,NA,NA,NA,NA,NA,0,NA,0,0,0,33.7680065,66.2385139
2002,Bangladesh,NA,NA,NA,NA,NA,NA,2,NA,N,NA,54051390.23,3,NA,NA,NA,NA,NA,N,NA,NA,NA,NA,NA,0,NA,0,0,0,24.4769288,90.2934413
2002,Bhutan,NA,NA,NA,NA,NA,NA,NA,NA,N,NA,NA,NA,NA,NA,NA,NA,NA,N,NA,NA,NA,NA,NA,0,NA,0,0,0,27.549511,90.5119273
2002,Brunei,NA,NA,NA,NA,NA,NA,1,NA,N,NA,NA,NA,NA,NA,NA,NA,NA,N,NA,NA,NA,NA,NA,0,NA,0,0,0,4.4137155,114.5653908
2002,Cambodia,NA,NA,NA,NA,NA,NA,NA,NA,N,NA,185411732,3,NA,NA,NA,NA,NA,Y,NA,NA,NA,NA,NA,0,NA,0,0,0,12.5433216,104.8144914
2002,North Korea,NA,NA,NA,NA,NA,NA,1,NA,N,NA,NA,NA,NA,NA,NA,NA,NA,N,NA,NA,NA,NA,NA,NA,NA,0,0,0,40.3736611,127.0870417
2002,India,NA,NA,NA,NA,NA,NA,1,NA,N,NA,NA,NA,NA,NA,NA,NA,NA,N,NA,NA,NA,NA,NA,0,NA,0,0,0,22.3511148,78.6677428
2002,Indonesia,NA,NA,NA,NA,NA,NA,2,NA,N,NA,0,1,NA,NA,NA,NA,NA,Y,NA,NA,NA,NA,NA,0,NA,0,0,0,-2.4833826,117.8902853
2002,Japan,NA,NA,NA,NA,NA,NA,NA,NA,N,NA,NA,NA,NA,NA,NA,NA,NA,Y,NA,NA,NA,NA,NA,0,NA,0,0,0,36.5748441,139.2394179
2002,Kazakhstan,NA,NA,NA,NA,337821.1889,1,2,NA,N,NA,NA,NA,NA,NA,NA,NA,NA,N,0,1,NA,NA,NA,0,NA,0,0,0,48.1012954,66.7780818
2002,Kyrgyzstan,NA,NA,NA,NA,NA,NA,1,1,N,NA,0,1,NA,NA,NA,NA,NA,Y,NA,NA,NA,NA,NA,0,NA,0,0,0,41.5089324,74.724091
2002,Laos,NA,NA,NA,NA,NA,NA,2,NA,N,NA,239024318.8,5,NA,NA,NA,NA,NA,Y,13980761.98,1,NA,NA,NA,0,NA,0,0,0,20.0171109,103.378253
2002,Malaysia,NA,NA,NA,NA,NA,NA,NA,NA,N,NA,NA,NA,NA,NA,NA,NA,NA,Y,NA,NA,NA,NA,NA,0,NA,0,0,0,4.5693754,102.2656823
2002,Maldives,NA,NA,NA,NA,NA,NA,NA,NA,N,NA,NA,NA,NA,NA,NA,NA,NA,N,NA,NA,NA,NA,NA,0,NA,0,0,0,3.7203503,73.2244152
2002,Mongolia,NA,NA,NA,NA,NA,NA,2,NA,N,NA,NA,NA,NA,NA,NA,NA,NA,N,2702569.512,1,NA,NA,NA,0,NA,0,0,0,46.8250388,103.8499736
2002,Myanmar,56.25,56.25,1,0,NA,NA,1,NA,N,NA,0,1,NA,NA,NA,NA,NA,N,NA,NA,NA,NA,NA,0,NA,0,0,0,17.1750495,95.9999652
2002,Nepal,NA,NA,NA,NA,NA,NA,1,NA,N,NA,NA,NA,NA,NA,NA,NA,NA,N,0,1,NA,NA,NA,0,NA,0,0,0,28.3780464,83.9999901
2002,Pakistan,121,121,1,0,NA,NA,4,NA,N,NA,447834664.7,2,NA,NA,NA,NA,NA,N,NA,NA,NA,NA,NA,0,NA,0,0,0,30.3308401,71.247499
2002,Philippines,NA,NA,NA,NA,NA,NA,2,NA,N,NA,NA,NA,NA,NA,NA,NA,NA,Y,NA,NA,NA,NA,NA,0,NA,0,0,0,14.5904492,120.9803621
2002,Russia,NA,NA,NA,NA,NA,NA,3,NA,N,NA,NA,NA,NA,NA,NA,NA,NA,Y,NA,NA,NA,NA,NA,0,NA,0,0,0,64.6863136,97.7453061
2002,Singapore,NA,NA,NA,NA,NA,NA,2,NA,N,NA,NA,NA,NA,NA,NA,NA,NA,N,NA,NA,NA,NA,NA,0,NA,0,0,0,1.357107,103.8194992
2002,South Korea,NA,NA,NA,NA,NA,NA,7,NA,N,NA,NA,NA,NA,NA,NA,NA,NA,Y,NA,NA,NA,NA,NA,0,NA,0,0,0,36.638392,127.6961188
2002,Sri Lanka,NA,NA,NA,NA,NA,NA,1,NA,N,NA,NA,NA,NA,NA,NA,NA,NA,N,NA,NA,NA,NA,NA,0,NA,0,0,0,7.5554942,80.7137847
2002,Tajikistan,NA,NA,NA,NA,1791327.071,1,1,NA,N,NA,NA,NA,NA,NA,NA,NA,NA,N,NA,NA,NA,NA,NA,0,NA,0,0,0,38.6281733,70.8156541
2002,Thailand,126.5,126.5,1,0,NA,NA,2,NA,N,NA,NA,NA,NA,NA,NA,NA,NA,Y,NA,NA,NA,NA,NA,0,NA,0,0,0,14.8971921,100.83273
2002,Turkmenistan,NA,NA,NA,NA,NA,NA,2,NA,N,NA,11823741.61,4,NA,NA,NA,NA,NA,N,NA,NA,NA,NA,NA,0,NA,0,0,0,39.3763807,59.3924609
2002,Uzbekistan,NA,NA,NA,NA,NA,NA,1,NA,N,NA,NA,NA,NA,NA,NA,NA,NA,N,0,1,NA,NA,NA,0,NA,0,0,0,41.32373,63.9528098
2002,Vietnam,NA,NA,NA,NA,NA,NA,1,NA,N,NA,NA,NA,NA,NA,NA,NA,NA,N,NA,NA,NA,NA,NA,0,NA,0,0,0,15.9266657,107.9650855
2003,Afghanistan,NA,NA,NA,NA,NA,NA,NA,NA,N,NA,12513278.73,2,NA,NA,NA,NA,NA,N,11854778.31,1,NA,NA,NA,0,NA,0,0,0,33.7680065,66.2385139
2003,Bangladesh,7,7,1,0,NA,NA,1,NA,N,NA,NA,NA,NA,NA,NA,NA,NA,N,NA,NA,NA,NA,NA,0,NA,0,0,0,24.4769288,90.2934413
2003,Bhutan,NA,NA,NA,NA,NA,NA,NA,NA,N,NA,NA,NA,NA,NA,NA,NA,NA,N,NA,NA,NA,NA,NA,0,NA,0,0,0,27.549511,90.5119273
2003,Brunei,NA,NA,NA,NA,NA,NA,2,NA,N,NA,NA,NA,NA,NA,NA,NA,NA,N,NA,NA,NA,NA,NA,0,NA,0,0,0,4.4137155,114.5653908
2003,Cambodia,NA,NA,NA,NA,NA,NA,1,NA,N,NA,0,1,NA,NA,NA,NA,NA,Y,NA,NA,NA,NA,NA,0,NA,0,0,0,12.5433216,104.8144914
2003,North Korea,NA,NA,NA,NA,NA,NA,3,NA,N,NA,NA,NA,NA,NA,NA,NA,NA,N,NA,NA,NA,NA,NA,0,NA,0,0,0,40.3736611,127.0870417
2003,India,NA,NA,NA,NA,NA,NA,2,1,N,NA,NA,NA,NA,NA,NA,NA,NA,N,NA,NA,NA,NA,NA,0,NA,0,0,0,22.3511148,78.6677428
2003,Indonesia,NA,NA,NA,NA,73107.05268,1,NA,NA,N,NA,1767729318,3,NA,NA,NA,NA,NA,Y,NA,NA,NA,NA,NA,0,NA,0,0,0,-2.4833826,117.8902853
2003,Japan,NA,NA,NA,NA,NA,NA,1,NA,N,NA,NA,NA,NA,NA,NA,NA,NA,Y,NA,NA,NA,NA,NA,0,NA,0,0,0,36.5748441,139.2394179
2003,Kazakhstan,NA,NA,NA,NA,NA,NA,1,NA,N,NA,NA,NA,NA,NA,NA,NA,NA,N,NA,NA,NA,NA,NA,0,NA,0,0,0,48.1012954,66.7780818
2003,Kyrgyzstan,NA,NA,NA,NA,0,1,2,NA,N,NA,NA,NA,NA,NA,NA,NA,NA,Y,NA,NA,NA,NA,NA,0,NA,0,0,0,41.5089324,74.724091
2003,Laos,NA,NA,NA,NA,NA,NA,NA,NA,N,NA,74225187.15,3,NA,NA,NA,NA,NA,Y,NA,NA,NA,NA,NA,0,NA,0,0,0,20.0171109,103.378253
2003,Malaysia,NA,NA,NA,NA,NA,NA,1,NA,N,NA,NA,NA,NA,NA,NA,NA,NA,Y,NA,NA,NA,NA,NA,0,NA,0,0,0,4.5693754,102.2656823
2003,Maldives,NA,NA,NA,NA,NA,NA,NA,NA,N,NA,NA,NA,NA,NA,NA,NA,NA,N,NA,NA,NA,NA,NA,0,NA,0,0,0,3.7203503,73.2244152
2003,Mongolia,NA,NA,NA,NA,NA,NA,2,NA,N,NA,NA,NA,NA,NA,NA,NA,NA,N,NA,NA,NA,NA,NA,0,NA,0,0,0,46.8250388,103.8499736
2003,Myanmar,NA,NA,NA,NA,NA,NA,2,NA,N,NA,545047278.8,1,NA,NA,NA,NA,NA,N,NA,NA,NA,NA,NA,0,NA,0,0,0,17.1750495,95.9999652
2003,Nepal,NA,NA,NA,NA,NA,NA,NA,NA,N,NA,0,1,NA,NA,NA,NA,NA,N,NA,NA,NA,NA,NA,0,NA,0,0,0,28.3780464,83.9999901
2003,Pakistan,170.55,170.55,6,0,NA,NA,2,1,N,NA,500979278.5,2,NA,NA,NA,NA,NA,N,NA,NA,NA,NA,NA,0,NA,0,0,0,30.3308401,71.247499
2003,Philippines,NA,NA,NA,NA,NA,NA,1,NA,N,NA,NA,NA,NA,NA,NA,NA,NA,Y,NA,NA,NA,NA,NA,0,NA,0,0,0,14.5904492,120.9803621
2003,Russia,NA,NA,NA,NA,NA,NA,5,NA,N,NA,408785459.1,1,NA,NA,NA,NA,NA,Y,NA,NA,NA,NA,NA,0,NA,0,0,0,64.6863136,97.7453061
2003,Singapore,NA,NA,NA,NA,NA,NA,2,NA,N,NA,NA,NA,NA,NA,NA,NA,NA,N,NA,NA,NA,NA,NA,0,NA,0,0,0,1.357107,103.8194992
2003,South Korea,NA,NA,NA,NA,NA,NA,2,NA,N,NA,NA,NA,NA,NA,NA,NA,NA,Y,NA,NA,NA,NA,NA,0,NA,0,0,0,36.638392,127.6961188
2003,Sri Lanka,NA,NA,NA,NA,NA,NA,NA,NA,N,NA,63611431.37,1,NA,NA,NA,NA,NA,N,NA,NA,NA,NA,NA,0,NA,0,0,0,7.5554942,80.7137847
2003,Tajikistan,NA,NA,NA,NA,NA,NA,1,NA,N,NA,NA,NA,NA,NA,NA,NA,NA,N,NA,NA,NA,NA,NA,0,NA,0,0,0,38.6281733,70.8156541
2003,Thailand,NA,NA,NA,NA,NA,NA,2,NA,N,NA,NA,NA,NA,NA,NA,NA,NA,Y,NA,NA,NA,NA,NA,0,NA,0,0,0,14.8971921,100.83273
2003,Turkmenistan,NA,NA,NA,NA,NA,NA,NA,NA,N,NA,3325427.125,1,NA,NA,NA,NA,NA,N,NA,NA,NA,NA,NA,0,NA,0,0,0,39.3763807,59.3924609
2003,Uzbekistan,NA,NA,NA,NA,NA,NA,NA,NA,N,NA,NA,NA,NA,NA,NA,NA,NA,N,NA,NA,NA,NA,NA,0,NA,0,0,0,41.32373,63.9528098
2003,Vietnam,NA,NA,NA,NA,NA,NA,1,NA,N,NA,344352917.5,2,NA,NA,NA,NA,NA,N,NA,NA,NA,NA,NA,0,NA,0,0,0,15.9266657,107.9650855
2004,Afghanistan,NA,NA,NA,NA,NA,NA,NA,NA,N,NA,29302236.25,1,NA,NA,NA,NA,NA,N,NA,NA,NA,NA,NA,0,NA,0,0,0,33.7680065,66.2385139
2004,Bangladesh,25.5,25.5,3,0,NA,NA,1,NA,N,NA,NA,NA,NA,NA,NA,NA,NA,N,NA,NA,NA,NA,NA,0,NA,0,0,0,24.4769288,90.2934413
2004,Bhutan,NA,NA,NA,NA,NA,NA,NA,NA,N,NA,NA,NA,NA,NA,NA,NA,NA,N,NA,NA,NA,NA,NA,0,NA,0,0,0,27.549511,90.5119273
2004,Brunei,NA,NA,NA,NA,NA,NA,2,NA,N,NA,NA,NA,NA,NA,NA,NA,NA,N,NA,NA,NA,NA,NA,0,NA,0,0,0,4.4137155,114.5653908
2004,Cambodia,NA,NA,NA,NA,0,1,2,NA,N,NA,6518155.052,1,NA,NA,NA,NA,NA,Y,NA,NA,NA,NA,NA,0,NA,0,0,0,12.5433216,104.8144914
2004,North Korea,NA,NA,NA,NA,NA,NA,2,NA,N,NA,80040028.71,1,NA,NA,NA,NA,NA,N,NA,NA,NA,NA,NA,0,NA,0,0,0,40.3736611,127.0870417
2004,India,NA,NA,NA,NA,NA,NA,2,NA,N,NA,12740102.72,1,NA,NA,NA,NA,NA,N,NA,NA,NA,NA,NA,0,NA,0,0,0,22.3511148,78.6677428
2004,Indonesia,NA,NA,NA,NA,NA,NA,NA,NA,N,NA,408192891,1,NA,NA,NA,NA,NA,Y,254802.0543,2,NA,NA,NA,0,NA,0,0,0,-2.4833826,117.8902853
2004,Japan,NA,NA,NA,NA,NA,NA,4,NA,N,NA,NA,NA,NA,NA,NA,NA,NA,Y,NA,NA,NA,NA,NA,0,NA,0,0,0,36.5748441,139.2394179
2004,Kazakhstan,NA,NA,NA,NA,NA,NA,2,NA,N,NA,0,1,NA,NA,NA,NA,NA,N,NA,NA,NA,NA,NA,0,NA,0,0,0,48.1012954,66.7780818
2004,Kyrgyzstan,NA,NA,NA,NA,NA,NA,1,NA,N,NA,18470775.86,1,NA,NA,NA,NA,NA,Y,NA,NA,NA,NA,NA,0,NA,0,0,0,41.5089324,74.724091
2004,Laos,NA,NA,NA,NA,4002001.435,1,2,NA,N,NA,1099595322,4,NA,NA,NA,NA,NA,Y,NA,NA,NA,NA,NA,0,NA,0,0,0,20.0171109,103.378253
2004,Malaysia,NA,NA,NA,NA,NA,NA,NA,NA,N,NA,NA,NA,NA,NA,NA,NA,NA,Y,NA,NA,NA,NA,NA,0,NA,0,0,0,4.5693754,102.2656823
2004,Maldives,NA,NA,NA,NA,NA,NA,NA,NA,N,NA,NA,NA,NA,NA,NA,NA,NA,N,NA,NA,NA,NA,NA,0,NA,0,0,0,3.7203503,73.2244152
2004,Mongolia,NA,NA,NA,NA,NA,NA,NA,NA,N,NA,NA,NA,NA,NA,NA,NA,NA,N,NA,NA,NA,NA,NA,0,NA,0,0,0,46.8250388,103.8499736
2004,Myanmar,NA,NA,NA,NA,NA,NA,1,NA,N,NA,340535999.3,10,NA,NA,NA,NA,NA,N,NA,NA,NA,NA,NA,0,NA,0,0,0,17.1750495,95.9999652
2004,Nepal,NA,NA,NA,NA,NA,NA,1,NA,N,NA,0,1,NA,NA,NA,NA,NA,N,0,1,NA,NA,NA,0,NA,0,0,0,28.3780464,83.9999901
2004,Pakistan,NA,NA,NA,NA,NA,NA,3,1,N,NA,382203081.5,2,NA,NA,NA,NA,NA,N,127401.0272,1,NA,NA,NA,0,NA,0,0,0,30.3308401,71.247499
2004,Philippines,NA,NA,NA,NA,NA,NA,3,NA,N,NA,NA,NA,NA,NA,NA,NA,NA,Y,71344575.21,2,NA,NA,NA,0,NA,0,0,0,14.5904492,120.9803621
2004,Russia,NA,NA,NA,NA,NA,NA,6,NA,N,NA,1528812.326,1,NA,NA,NA,NA,NA,Y,NA,NA,NA,NA,NA,0,NA,0,0,0,64.6863136,97.7453061
2004,Singapore,NA,NA,NA,NA,NA,NA,NA,NA,N,NA,NA,NA,NA,NA,NA,NA,NA,N,NA,NA,NA,NA,NA,0,NA,0,0,0,1.357107,103.8194992
2004,South Korea,NA,NA,NA,NA,NA,NA,2,NA,N,NA,NA,NA,NA,NA,NA,NA,NA,Y,NA,NA,NA,NA,NA,0,NA,0,0,0,36.638392,127.6961188
2004,Sri Lanka,40.5,40.5,2,0,NA,NA,NA,NA,N,NA,63698458.97,3,NA,NA,NA,NA,NA,N,NA,NA,NA,NA,NA,0,NA,0,0,0,7.5554942,80.7137847
2004,Tajikistan,NA,NA,NA,NA,NA,NA,NA,NA,N,NA,NA,NA,NA,NA,NA,NA,NA,N,NA,NA,NA,NA,NA,0,NA,0,0,0,38.6281733,70.8156541
2004,Thailand,NA,NA,NA,NA,NA,NA,3,NA,N,NA,NA,NA,NA,NA,NA,NA,NA,Y,253162.1504,1,NA,NA,NA,0,NA,0,0,0,14.8971921,100.83273
2004,Turkmenistan,NA,NA,NA,NA,NA,NA,NA,NA,N,NA,NA,NA,NA,NA,NA,NA,NA,N,NA,NA,NA,NA,NA,0,NA,0,0,0,39.3763807,59.3924609
2004,Uzbekistan,NA,NA,NA,NA,215492.385,1,NA,NA,N,NA,NA,NA,NA,NA,NA,NA,NA,N,4002001.435,1,NA,NA,NA,0,NA,1,0,1,41.32373,63.9528098
2004,Vietnam,NA,NA,NA,NA,NA,NA,2,NA,N,NA,283628447.7,2,NA,NA,NA,NA,NA,N,316371.3072,2,NA,NA,NA,0,NA,0,0,0,15.9266657,107.9650855
2005,Afghanistan,NA,NA,NA,NA,NA,NA,1,NA,N,NA,60696265.96,2,NA,NA,NA,NA,NA,N,60696265.96,2,NA,NA,NA,0,NA,0,0,0,33.7680065,66.2385139
2005,Bangladesh,38.44,38.44,4,0,NA,NA,2,NA,N,NA,159907765.1,2,NA,NA,NA,NA,NA,N,NA,NA,NA,NA,NA,0,NA,0,0,0,24.4769288,90.2934413
2005,Bhutan,NA,NA,NA,NA,NA,NA,NA,NA,N,NA,NA,NA,NA,NA,NA,NA,NA,N,NA,NA,NA,NA,NA,0,NA,0,0,0,27.549511,90.5119273
2005,Brunei,NA,NA,NA,NA,NA,NA,1,NA,N,NA,NA,NA,NA,NA,NA,NA,NA,N,NA,NA,NA,NA,NA,0,NA,0,0,0,4.4137155,114.5653908
2005,Cambodia,NA,NA,NA,NA,NA,NA,NA,NA,N,NA,66690089.79,1,NA,NA,NA,NA,NA,Y,NA,NA,NA,NA,NA,0,NA,0,0,0,12.5433216,104.8144914
2005,North Korea,NA,NA,NA,NA,NA,NA,1,NA,N,NA,NA,NA,NA,NA,NA,NA,NA,N,NA,NA,NA,NA,NA,0,NA,0,0,0,40.3736611,127.0870417
2005,India,NA,NA,NA,NA,NA,NA,2,1,N,NA,NA,NA,NA,NA,NA,NA,NA,N,0,1,NA,NA,NA,0,NA,1,0,1,22.3511148,78.6677428
2005,Indonesia,2.7,2.7,1,0,NA,NA,NA,NA,N,NA,395066482.1,5,NA,NA,NA,NA,NA,Y,NA,NA,NA,NA,NA,0,NA,0,0,0,-2.4833826,117.8902853
2005,Japan,NA,NA,NA,NA,NA,NA,1,NA,N,NA,NA,NA,NA,NA,NA,NA,NA,Y,NA,NA,NA,NA,NA,0,NA,2,0,2,36.5748441,139.2394179
2005,Kazakhstan,NA,NA,NA,NA,NA,NA,2,NA,N,NA,531699289.9,2,NA,NA,NA,NA,NA,N,NA,NA,NA,NA,NA,0,NA,0,0,0,48.1012954,66.7780818
2005,Kyrgyzstan,NA,NA,NA,NA,NA,NA,3,NA,N,NA,8889246.429,1,NA,NA,NA,NA,NA,Y,NA,NA,NA,NA,NA,0,NA,0,0,0,41.5089324,74.724091
2005,Laos,NA,NA,NA,NA,NA,NA,NA,NA,N,NA,134834664.5,5,NA,NA,NA,NA,NA,Y,210346.5515,1,NA,NA,NA,0,NA,0,0,0,20.0171109,103.378253
2005,Malaysia,NA,NA,NA,NA,NA,NA,1,NA,N,NA,3884561022,1,NA,NA,NA,NA,NA,Y,NA,NA,NA,NA,NA,0,NA,0,0,0,4.5693754,102.2656823
2005,Maldives,NA,NA,NA,NA,NA,NA,NA,NA,N,NA,11190462.31,2,NA,NA,NA,NA,NA,N,1363985.912,7,NA,NA,NA,0,NA,0,0,0,3.7203503,73.2244152
2005,Mongolia,NA,NA,NA,NA,NA,NA,NA,NA,N,NA,NA,NA,NA,NA,NA,NA,NA,N,97114.02554,2,NA,NA,NA,0,NA,0,0,0,46.8250388,103.8499736
2005,Myanmar,21.5,21.5,2,0,1251863.746,2,NA,NA,N,NA,100185256.6,2,NA,NA,NA,NA,NA,N,NA,NA,NA,NA,NA,0,NA,0,0,0,17.1750495,95.9999652
2005,Nepal,1.75,1.75,1,0,NA,NA,1,NA,N,NA,12444945,1,NA,NA,NA,NA,NA,N,6845352.109,1,NA,NA,NA,0,NA,0,0,0,28.3780464,83.9999901
2005,Pakistan,1163.5,1163.5,5,0,427747.3432,1,5,1,N,NA,979426289.8,5,NA,NA,131103934.5,1,1,N,NA,NA,NA,NA,NA,0,NA,1,0,1,30.3308401,71.247499
2005,Philippines,NA,NA,NA,NA,NA,NA,1,NA,N,NA,NA,NA,NA,NA,NA,NA,NA,Y,NA,NA,NA,NA,NA,0,NA,0,0,0,14.5904492,120.9803621
2005,Russia,NA,NA,NA,NA,NA,NA,5,1,N,NA,NA,NA,NA,NA,NA,NA,NA,Y,NA,NA,NA,NA,NA,0,NA,0,0,0,64.6863136,97.7453061
2005,Singapore,NA,NA,NA,NA,NA,NA,1,NA,N,NA,NA,NA,NA,NA,NA,NA,NA,N,NA,NA,NA,NA,NA,0,NA,1,0,1,1.357107,103.8194992
2005,South Korea,NA,NA,NA,NA,NA,NA,2,NA,N,NA,NA,NA,NA,NA,NA,NA,NA,Y,NA,NA,NA,NA,NA,1,NA,0,0,0,36.638392,127.6961188
2005,Sri Lanka,63,63,1,0,NA,NA,1,NA,N,NA,772560976.4,2,NA,NA,NA,NA,NA,N,3121608.959,1,NA,NA,NA,0,NA,0,0,0,7.5554942,80.7137847
2005,Tajikistan,NA,NA,NA,NA,NA,NA,4,NA,N,NA,NA,NA,NA,NA,NA,NA,NA,N,NA,NA,NA,NA,NA,0,NA,0,0,0,38.6281733,70.8156541
2005,Thailand,NA,NA,NA,NA,NA,NA,3,1,N,NA,NA,NA,NA,NA,NA,NA,NA,Y,0,1,NA,NA,NA,0,NA,3,0,3,14.8971921,100.83273
2005,Turkmenistan,NA,NA,NA,NA,NA,NA,NA,NA,N,NA,29630821.43,1,NA,NA,NA,NA,NA,N,NA,NA,NA,NA,NA,0,NA,0,0,0,39.3763807,59.3924609
2005,Uzbekistan,NA,NA,NA,NA,NA,NA,2,NA,N,NA,14324318.77,1,NA,NA,NA,NA,NA,N,6222472.501,1,NA,NA,NA,0,NA,1,0,1,41.32373,63.9528098
2005,Vietnam,NA,NA,NA,NA,NA,NA,2,NA,N,NA,1027255939,5,NA,NA,NA,NA,NA,N,444462.3215,1,NA,NA,NA,0,NA,0,0,0,15.9266657,107.9650855
2006,Afghanistan,NA,NA,NA,NA,NA,NA,2,NA,N,NA,NA,NA,NA,NA,NA,NA,NA,N,NA,NA,NA,NA,NA,0,NA,0,0,0,33.7680065,66.2385139
2006,Bangladesh,176,176,1,0,14256424.35,2,1,NA,N,NA,0,1,NA,NA,NA,NA,NA,N,NA,NA,NA,NA,NA,0,NA,1,0,1,24.4769288,90.2934413
2006,Bhutan,NA,NA,NA,NA,NA,NA,NA,NA,N,NA,NA,NA,NA,NA,NA,NA,NA,N,NA,NA,NA,NA,NA,0,NA,0,0,0,27.549511,90.5119273
2006,Brunei,NA,NA,NA,NA,NA,NA,NA,NA,N,NA,NA,NA,NA,NA,NA,NA,NA,N,NA,NA,NA,NA,NA,0,NA,0,0,0,4.4137155,114.5653908
2006,Cambodia,NA,NA,NA,NA,0,2,1,NA,N,NA,72565199.92,2,NA,NA,NA,NA,NA,Y,0,1,NA,NA,NA,0,NA,0,0,0,12.5433216,104.8144914
2006,North Korea,NA,NA,NA,NA,NA,NA,2,NA,N,NA,NA,NA,NA,NA,NA,NA,NA,N,NA,NA,NA,NA,NA,0,NA,0,0,0,40.3736611,127.0870417
2006,India,NA,NA,NA,NA,NA,NA,3,NA,N,NA,212175947.7,4,NA,NA,NA,NA,NA,N,NA,NA,NA,NA,NA,1,NA,1,0,1,22.3511148,78.6677428
2006,Indonesia,13,13,1,0,NA,NA,2,NA,N,NA,2955096764,1,NA,NA,NA,NA,NA,Y,5702569.739,1,NA,NA,NA,0,NA,0,0,0,-2.4833826,117.8902853
2006,Japan,NA,NA,NA,NA,NA,NA,1,NA,N,NA,NA,NA,NA,NA,NA,NA,NA,Y,NA,NA,NA,NA,NA,0,NA,6,0,6,36.5748441,139.2394179
2006,Kazakhstan,NA,NA,NA,NA,NA,NA,1,1,N,NA,1036086704,4,NA,NA,NA,NA,NA,N,NA,NA,NA,NA,NA,0,NA,1,0,1,48.1012954,66.7780818
2006,Kyrgyzstan,NA,NA,NA,NA,NA,NA,2,NA,N,NA,159166058,2,NA,NA,NA,NA,NA,Y,NA,NA,NA,NA,NA,0,NA,0,0,0,41.5089324,74.724091
2006,Laos,6.5,6.5,1,0,NA,NA,1,NA,N,NA,25480247.23,2,NA,NA,NA,NA,NA,Y,NA,NA,NA,NA,NA,0,NA,0,0,0,20.0171109,103.378253
2006,Malaysia,NA,NA,NA,NA,NA,NA,3,NA,N,NA,NA,NA,NA,NA,NA,NA,NA,Y,NA,NA,NA,NA,NA,0,NA,1,0,1,4.5693754,102.2656823
2006,Maldives,NA,NA,NA,NA,NA,NA,NA,NA,N,NA,458093.2755,1,NA,NA,NA,NA,NA,N,NA,NA,NA,NA,NA,0,NA,0,0,0,3.7203503,73.2244152
2006,Mongolia,NA,NA,NA,NA,NA,NA,NA,NA,N,NA,NA,NA,NA,NA,NA,NA,NA,N,NA,NA,NA,NA,NA,0,NA,0,0,0,46.8250388,103.8499736
2006,Myanmar,234,234,1,0,NA,NA,1,NA,N,NA,985393951.1,7,NA,NA,NA,NA,NA,N,142564.2435,1,NA,NA,NA,0,NA,0,0,0,17.1750495,95.9999652
2006,Nepal,NA,NA,NA,NA,NA,NA,NA,NA,N,NA,0,1,NA,NA,NA,NA,NA,N,0,1,NA,NA,NA,0,NA,0,0,0,28.3780464,83.9999901
2006,Pakistan,421,404.4,2,16.6,NA,NA,3,1,N,NA,533362849.8,5,NA,NA,NA,NA,NA,N,NA,NA,NA,NA,NA,0,NA,1,0,1,30.3308401,71.247499
2006,Philippines,NA,NA,NA,NA,114051394.8,1,2,NA,N,NA,910010682.8,1,NA,NA,NA,NA,NA,Y,285128.4869,1,NA,NA,NA,0,NA,1,0,1,14.5904492,120.9803621
2006,Russia,NA,NA,NA,NA,NA,NA,4,NA,N,NA,1136575679,1,NA,NA,NA,NA,NA,Y,NA,NA,NA,NA,NA,0,NA,4,0,4,64.6863136,97.7453061
2006,Singapore,NA,NA,NA,NA,NA,NA,2,NA,N,NA,NA,NA,NA,NA,NA,NA,NA,N,NA,NA,NA,NA,NA,0,NA,1,0,1,1.357107,103.8194992
2006,South Korea,NA,NA,NA,NA,NA,NA,2,NA,N,NA,NA,NA,NA,NA,NA,NA,NA,Y,NA,NA,NA,NA,NA,0,NA,5,0,5,36.638392,127.6961188
2006,Sri Lanka,NA,NA,NA,NA,NA,NA,NA,NA,N,NA,370626729.1,3,NA,NA,NA,NA,NA,N,NA,NA,NA,NA,NA,0,NA,1,0,1,7.5554942,80.7137847
2006,Tajikistan,NA,NA,NA,NA,NA,NA,2,1,N,NA,1463207189,5,NA,NA,NA,NA,NA,N,NA,NA,NA,NA,NA,0,NA,0,0,0,38.6281733,70.8156541
2006,Thailand,NA,NA,NA,NA,NA,NA,5,NA,N,NA,14256424.35,2,NA,NA,14256424.35,1,1,Y,NA,NA,NA,NA,NA,0,NA,12,0,12,14.8971921,100.83273
2006,Turkmenistan,NA,NA,NA,NA,NA,NA,1,NA,N,NA,114051394.8,2,NA,NA,NA,NA,NA,N,NA,NA,NA,NA,NA,0,NA,0,0,0,39.3763807,59.3924609
2006,Uzbekistan,NA,NA,NA,NA,NA,NA,1,NA,N,NA,NA,NA,NA,NA,NA,NA,NA,N,NA,NA,NA,NA,NA,0,NA,1,0,1,41.32373,63.9528098
2006,Vietnam,NA,NA,NA,NA,NA,NA,3,NA,N,NA,2586733768,8,NA,NA,NA,NA,NA,N,NA,NA,NA,NA,NA,0,NA,0,0,0,15.9266657,107.9650855
2007,Afghanistan,NA,NA,NA,NA,NA,NA,1,NA,N,NA,NA,NA,NA,NA,NA,NA,NA,N,NA,NA,NA,NA,NA,0,NA,0,0,0,33.7680065,66.2385139
2007,Bangladesh,11,11,1,0,NA,NA,2,NA,N,NA,0,1,NA,NA,NA,NA,NA,N,NA,NA,NA,NA,NA,0,NA,1,0,1,24.4769288,90.2934413
2007,Bhutan,NA,NA,NA,NA,NA,NA,NA,NA,N,NA,NA,NA,NA,NA,NA,NA,NA,N,NA,NA,NA,NA,NA,0,NA,0,0,0,27.549511,90.5119273
2007,Brunei,NA,NA,NA,NA,NA,NA,1,NA,N,NA,NA,NA,NA,NA,NA,NA,NA,N,NA,NA,NA,NA,NA,0,NA,0,0,0,4.4137155,114.5653908
2007,Cambodia,56,56,1,0,2516057.307,3,2,NA,N,NA,929452987.8,7,NA,NA,NA,NA,NA,Y,0,1,NA,NA,NA,0,NA,0,0,0,12.5433216,104.8144914
2007,North Korea,NA,NA,NA,NA,NA,NA,1,NA,N,NA,NA,NA,NA,NA,NA,NA,NA,N,NA,NA,NA,NA,NA,0,NA,0,0,0,40.3736611,127.0870417
2007,India,NA,NA,NA,NA,NA,NA,2,1,N,NA,NA,NA,NA,NA,NA,NA,NA,N,NA,NA,NA,NA,NA,0,NA,2,0,2,22.3511148,78.6677428
2007,Indonesia,NA,NA,NA,NA,NA,NA,4,NA,N,NA,1012358937,4,NA,NA,NA,NA,NA,Y,0,2,NA,NA,NA,2,NA,1,0,1,-2.4833826,117.8902853
2007,Japan,NA,NA,NA,NA,NA,NA,3,NA,N,NA,NA,NA,NA,NA,NA,NA,NA,Y,NA,NA,NA,NA,NA,0,NA,10,0,10,36.5748441,139.2394179
2007,Kazakhstan,NA,NA,NA,NA,797086.9547,1,NA,NA,N,NA,14549072.01,3,NA,NA,NA,NA,NA,N,NA,NA,NA,NA,NA,0,NA,2,0,2,48.1012954,66.7780818
2007,Kyrgyzstan,NA,NA,NA,NA,NA,NA,1,NA,N,NA,32785806.59,5,NA,NA,NA,NA,NA,Y,15877901.49,1,NA,NA,NA,0,NA,2,0,2,41.5089324,74.724091
2007,Laos,NA,NA,NA,NA,NA,NA,3,NA,N,NA,52180151.68,5,NA,NA,NA,NA,NA,Y,4086982.56,5,NA,NA,NA,0,NA,0,0,0,20.0171109,103.378253
2007,Malaysia,NA,NA,NA,NA,NA,NA,1,NA,N,NA,1610276676,1,NA,NA,NA,NA,NA,Y,NA,NA,NA,NA,NA,0,NA,1,0,1,4.5693754,102.2656823
2007,Maldives,NA,NA,NA,NA,NA,NA,NA,NA,N,NA,9686820.63,1,NA,NA,NA,NA,NA,N,NA,NA,NA,NA,NA,0,NA,0,0,0,3.7203503,73.2244152
2007,Mongolia,NA,NA,NA,NA,NA,NA,1,NA,N,NA,NA,NA,NA,NA,NA,NA,NA,N,NA,NA,NA,NA,NA,0,NA,1,0,1,46.8250388,103.8499736
2007,Myanmar,18,18,1,0,NA,NA,1,NA,N,NA,1867025112,7,NA,NA,NA,NA,NA,N,NA,NA,NA,NA,NA,0,NA,0,0,0,17.1750495,95.9999652
2007,Nepal,NA,NA,NA,NA,NA,NA,NA,NA,N,NA,72228463.02,3,NA,NA,NA,NA,NA,N,36231.22521,1,NA,NA,NA,0,NA,1,0,1,28.3780464,83.9999901
2007,Pakistan,NA,NA,NA,NA,NA,NA,2,1,N,NA,15600615.48,2,NA,NA,NA,NA,NA,N,NA,NA,NA,NA,NA,0,NA,1,0,1,30.3308401,71.247499
2007,Philippines,NA,NA,NA,NA,211705353.2,1,3,NA,N,NA,NA,NA,NA,NA,NA,NA,NA,Y,3710124.109,1,NA,NA,NA,0,NA,2,0,2,14.5904492,120.9803621
2007,Russia,NA,NA,NA,NA,NA,NA,4,1,N,NA,0,1,NA,NA,NA,NA,NA,Y,NA,NA,NA,NA,NA,0,NA,12,0,12,64.6863136,97.7453061
2007,Singapore,NA,NA,NA,NA,NA,NA,3,NA,N,NA,NA,NA,NA,NA,NA,NA,NA,N,NA,NA,NA,NA,NA,0,NA,1,0,1,1.357107,103.8194992
2007,South Korea,NA,NA,NA,NA,NA,NA,6,NA,N,NA,NA,NA,NA,NA,NA,NA,NA,Y,NA,NA,NA,NA,NA,3,NA,11,0,11,36.638392,127.6961188
2007,Sri Lanka,80.13,80.13,6,0,NA,NA,NA,NA,N,NA,644588447.5,5,NA,NA,NA,NA,NA,N,NA,NA,NA,NA,NA,0,NA,1,0,1,7.5554942,80.7137847
2007,Tajikistan,NA,NA,NA,NA,NA,NA,NA,NA,N,NA,423475072.7,2,NA,NA,NA,NA,NA,N,NA,NA,NA,NA,NA,0,NA,0,0,0,38.6281733,70.8156541
2007,Thailand,54,54,1,0,NA,NA,4,1,N,NA,NA,NA,NA,NA,NA,NA,NA,Y,NA,NA,NA,NA,NA,0,NA,12,0,12,14.8971921,100.83273
2007,Turkmenistan,NA,NA,NA,NA,NA,NA,1,NA,N,NA,603853753.6,3,NA,NA,NA,NA,NA,N,NA,NA,NA,NA,NA,0,NA,0,0,0,39.3763807,59.3924609
2007,Uzbekistan,NA,NA,NA,NA,NA,NA,1,NA,N,NA,NA,NA,NA,NA,NA,NA,NA,N,15877901.49,1,NA,NA,NA,0,NA,1,0,1,41.32373,63.9528098
2007,Vietnam,NA,NA,NA,NA,NA,NA,3,NA,N,NA,1497583476,3,NA,NA,NA,NA,NA,N,NA,NA,NA,NA,NA,0,NA,0,0,0,15.9266657,107.9650855
2008,Afghanistan,NA,NA,NA,NA,NA,NA,NA,NA,N,NA,8024602.564,3,NA,NA,NA,NA,NA,N,1074503.878,1,NA,NA,NA,0,NA,1,0,1,33.7680065,66.2385139
2008,Bangladesh,NA,NA,NA,NA,NA,NA,NA,NA,N,NA,174234489.9,1,NA,NA,NA,NA,NA,N,NA,NA,NA,NA,NA,0,NA,1,0,1,24.4769288,90.2934413
2008,Bhutan,NA,NA,NA,NA,NA,NA,NA,NA,N,NA,NA,NA,NA,NA,NA,NA,NA,N,NA,NA,NA,NA,NA,0,NA,0,0,0,27.549511,90.5119273
2008,Brunei,NA,NA,NA,NA,NA,NA,2,NA,N,NA,NA,NA,NA,NA,NA,NA,NA,N,NA,NA,NA,NA,NA,0,NA,0,0,0,4.4137155,114.5653908
2008,Cambodia,4,4,1,0,511668.5132,1,1,NA,N,NA,178913423.4,2,NA,NA,NA,NA,NA,Y,0,2,NA,NA,NA,0,NA,0,0,0,12.5433216,104.8144914
2008,North Korea,NA,NA,NA,NA,NA,NA,1,NA,N,NA,NA,NA,NA,NA,NA,NA,NA,N,NA,NA,NA,NA,NA,0,NA,0,0,0,40.3736611,127.0870417
2008,India,NA,NA,NA,NA,NA,NA,2,1,N,NA,NA,NA,NA,NA,NA,NA,NA,N,0,1,NA,NA,NA,0,NA,2,0,2,22.3511148,78.6677428
2008,Indonesia,108,108,3,0,NA,NA,2,NA,N,NA,3071943570,7,NA,NA,NA,NA,NA,Y,736202.0701,1,NA,NA,NA,0,NA,1,0,1,-2.4833826,117.8902853
2008,Japan,NA,NA,NA,NA,NA,NA,3,NA,N,NA,NA,NA,NA,NA,NA,NA,NA,Y,NA,NA,NA,NA,NA,0,NA,11,0,11,36.5748441,139.2394179
2008,Kazakhstan,NA,NA,NA,NA,NA,NA,NA,NA,N,NA,13872493174,4,NA,NA,NA,NA,NA,N,NA,NA,NA,NA,NA,0,NA,2,0,2,48.1012954,66.7780818
2008,Kyrgyzstan,NA,NA,NA,NA,NA,NA,NA,NA,N,NA,188602089.9,5,NA,NA,NA,NA,NA,Y,NA,NA,NA,NA,NA,0,NA,2,0,2,41.5089324,74.724091
2008,Laos,NA,NA,NA,NA,NA,NA,1,NA,N,NA,698995715.3,8,NA,NA,NA,NA,NA,Y,NA,NA,NA,NA,NA,0,NA,0,0,0,20.0171109,103.378253
2008,Malaysia,5.12,5.12,1,0,NA,NA,1,NA,N,NA,NA,NA,NA,NA,NA,NA,NA,Y,NA,NA,NA,NA,NA,0,NA,1,0,1,4.5693754,102.2656823
2008,Maldives,NA,NA,NA,NA,NA,NA,NA,NA,N,NA,9816027.602,1,NA,NA,NA,NA,NA,N,NA,NA,NA,NA,NA,0,NA,0,0,0,3.7203503,73.2244152
2008,Mongolia,NA,NA,NA,NA,NA,NA,1,NA,N,NA,NA,NA,NA,NA,NA,NA,NA,N,NA,NA,NA,NA,NA,0,NA,1,0,1,46.8250388,103.8499736
2008,Myanmar,11.6,11.6,2,0,NA,NA,3,NA,N,NA,12270034.5,1,NA,NA,NA,NA,NA,N,0,1,NA,NA,NA,0,NA,0,0,0,17.1750495,95.9999652
2008,Nepal,NA,NA,NA,NA,NA,NA,3,NA,N,NA,0,1,NA,NA,NA,NA,NA,N,34111.23421,2,NA,NA,NA,0,NA,1,0,1,28.3780464,83.9999901
2008,Pakistan,868,849.4,8,18.6,24540069,1,3,NA,N,NA,558980795,2,NA,NA,NA,NA,NA,N,NA,NA,NA,NA,NA,0,NA,1,0,1,30.3308401,71.247499
2008,Philippines,NA,NA,NA,NA,NA,NA,1,NA,N,NA,NA,NA,NA,NA,NA,NA,NA,Y,NA,NA,NA,NA,NA,1,NA,2,0,2,14.5904492,120.9803621
2008,Russia,NA,NA,NA,NA,NA,NA,2,NA,N,NA,NA,NA,NA,NA,NA,NA,NA,Y,NA,NA,NA,NA,NA,0,NA,12,0,12,64.6863136,97.7453061
2008,Singapore,NA,NA,NA,NA,NA,NA,4,NA,N,NA,NA,NA,NA,NA,NA,NA,NA,N,NA,NA,NA,NA,NA,0,NA,1,0,1,1.357107,103.8194992
2008,South Korea,NA,NA,NA,NA,NA,NA,4,NA,N,NA,NA,NA,NA,NA,NA,NA,NA,Y,NA,NA,NA,NA,NA,0,NA,11,0,11,36.638392,127.6961188
2008,Sri Lanka,NA,NA,NA,NA,NA,NA,NA,NA,N,NA,NA,NA,NA,NA,NA,NA,NA,N,NA,NA,NA,NA,NA,0,NA,1,0,1,7.5554942,80.7137847
2008,Tajikistan,NA,NA,NA,NA,NA,NA,1,NA,N,NA,511668513.2,1,NA,NA,NA,NA,NA,N,NA,NA,NA,NA,NA,0,NA,1,0,1,38.6281733,70.8156541
2008,Thailand,16.2,16.2,1,0,NA,NA,2,1,N,NA,0,1,NA,NA,NA,NA,NA,Y,NA,NA,NA,NA,NA,0,NA,12,0,12,14.8971921,100.83273
2008,Turkmenistan,NA,NA,NA,NA,NA,NA,NA,NA,N,NA,NA,NA,NA,NA,NA,NA,NA,N,NA,NA,NA,NA,NA,0,NA,0,0,0,39.3763807,59.3924609
2008,Uzbekistan,NA,NA,NA,NA,NA,NA,NA,NA,N,NA,6093903480,9,NA,NA,NA,NA,NA,N,NA,NA,NA,NA,NA,0,NA,1,0,1,41.32373,63.9528098
2008,Vietnam,NA,NA,NA,NA,NA,NA,3,NA,N,NA,1597529975,4,NA,NA,426390427.7,1,1,N,NA,NA,NA,NA,NA,0,NA,0,0,0,15.9266657,107.9650855
2009,Afghanistan,NA,NA,NA,NA,NA,NA,NA,NA,N,NA,NA,NA,NA,NA,NA,NA,NA,N,NA,NA,NA,NA,NA,0,NA,1,0,1,33.7680065,66.2385139
2009,Bangladesh,580,580,2,0,NA,NA,3,NA,N,NA,NA,NA,NA,486701092.4,NA,NA,NA,N,NA,NA,NA,NA,NA,0,NA,1,0,1,24.4769288,90.2934413
2009,Bhutan,NA,NA,NA,NA,NA,NA,NA,NA,N,NA,NA,NA,NA,NA,NA,NA,NA,N,NA,NA,NA,NA,NA,0,NA,0,0,0,27.549511,90.5119273
2009,Brunei,NA,NA,NA,NA,NA,NA,1,NA,N,NA,NA,NA,NA,NA,NA,NA,NA,N,NA,NA,NA,NA,NA,0,NA,0,0,0,4.4137155,114.5653908
2009,Cambodia,NA,NA,NA,NA,NA,NA,1,NA,N,NA,832408942.8,11,NA,1725402891,NA,NA,NA,Y,NA,NA,NA,NA,NA,0,NA,1,0,1,12.5433216,104.8144914
2009,North Korea,NA,NA,NA,NA,NA,NA,2,NA,N,NA,39108311.74,1,NA,NA,NA,NA,NA,N,NA,NA,NA,NA,NA,0,NA,0,0,0,40.3736611,127.0870417
2009,India,NA,NA,NA,NA,NA,NA,2,NA,N,NA,82334992.56,1,4508416611,NA,NA,NA,NA,N,NA,NA,NA,NA,NA,0,NA,2,0,2,22.3511148,78.6677428
2009,Indonesia,64.5,64.5,4,0,NA,NA,2,NA,N,NA,4725630436,10,NA,5754583376,68892544.79,1,1,Y,NA,NA,NA,NA,NA,0,NA,1,0,1,-2.4833826,117.8902853
2009,Japan,NA,NA,NA,NA,NA,NA,6,NA,N,NA,NA,NA,2545310427,4058439395,NA,NA,NA,Y,NA,NA,NA,NA,NA,1,NA,12,0,12,36.5748441,139.2394179
2009,Kazakhstan,NA,NA,NA,NA,NA,NA,2,NA,N,NA,7608425435,5,NA,3041457240,NA,NA,NA,N,NA,NA,NA,NA,NA,0,NA,2,0,2,48.1012954,66.7780818
2009,Kyrgyzstan,NA,NA,NA,NA,NA,NA,1,NA,N,NA,619881931.6,4,NA,135889322.1,NA,NA,NA,Y,NA,NA,NA,NA,NA,0,NA,2,0,2,41.5089324,74.724091
2009,Laos,NA,NA,NA,NA,NA,NA,1,NA,N,NA,733308724.1,13,NA,NA,NA,NA,NA,Y,NA,NA,NA,NA,NA,0,NA,1,0,1,20.0171109,103.378253
2009,Malaysia,NA,NA,NA,NA,NA,NA,4,NA,N,NA,585032129.8,3,6830084350,3982727568,NA,NA,NA,Y,NA,NA,NA,NA,NA,0,NA,2,0,2,4.5693754,102.2656823
2009,Maldives,NA,NA,NA,NA,NA,NA,1,NA,N,NA,7311956.45,1,NA,NA,NA,NA,NA,N,NA,NA,NA,NA,NA,0,NA,0,0,0,3.7203503,73.2244152
2009,Mongolia,NA,NA,NA,NA,NA,NA,2,1,N,NA,NA,NA,NA,66435974.6,NA,NA,NA,N,NA,NA,NA,NA,NA,0,NA,1,0,1,46.8250388,103.8499736
2009,Myanmar,390,316.5,5,73.5,NA,NA,1,NA,N,NA,433240009.5,2,NA,NA,NA,NA,NA,N,NA,NA,NA,NA,NA,0,NA,0,0,0,17.1750495,95.9999652
2009,Nepal,NA,NA,NA,NA,NA,NA,NA,NA,N,NA,37666899.93,3,NA,2365649.633,NA,NA,NA,N,14751703.73,1,NA,NA,NA,0,NA,1,0,1,28.3780464,83.9999901
2009,Pakistan,163.6,163.6,3,0,NA,NA,7,2,N,NA,1648734421,8,NA,1555409554,NA,NA,NA,N,NA,NA,NA,NA,NA,0,NA,1,0,1,30.3308401,71.247499
2009,Philippines,NA,NA,NA,NA,NA,NA,2,NA,N,NA,84015298.53,1,2536144743,476896061.4,NA,NA,NA,Y,NA,NA,NA,NA,NA,0,NA,3,0,3,14.5904492,120.9803621
2009,Russia,NA,NA,NA,NA,NA,NA,4,3,N,NA,42753537085,4,NA,2010171204,NA,NA,NA,Y,NA,NA,NA,NA,NA,0,NA,12,0,12,64.6863136,97.7453061
2009,Singapore,NA,NA,NA,NA,NA,NA,4,1,N,NA,NA,NA,7487997142,42159964279,NA,NA,NA,N,NA,NA,NA,NA,NA,0,NA,1,0,1,1.357107,103.8194992
2009,South Korea,NA,NA,NA,NA,NA,NA,5,NA,N,NA,NA,NA,3228887134,5300578842,NA,NA,NA,Y,NA,NA,NA,NA,NA,0,NA,15,0,15,36.638392,127.6961188
2009,Sri Lanka,5,5,1,0,NA,NA,1,NA,N,NA,2436561056,9,NA,NA,NA,NA,NA,N,0,1,NA,NA,NA,0,NA,1,0,1,7.5554942,80.7137847
2009,Tajikistan,NA,NA,NA,NA,NA,NA,1,NA,N,NA,207993040.1,4,NA,NA,NA,NA,NA,N,NA,NA,NA,NA,NA,0,NA,1,0,1,38.6281733,70.8156541
2009,Thailand,NA,NA,NA,NA,NA,NA,4,NA,N,NA,NA,NA,7373609406,9020708563,NA,NA,NA,Y,195768.4596,2,NA,NA,NA,0,NA,12,0,12,14.8971921,100.83273
2009,Turkmenistan,NA,NA,NA,NA,NA,NA,NA,NA,N,NA,6721223882,1,NA,NA,NA,NA,NA,N,NA,NA,NA,NA,NA,0,NA,0,0,0,39.3763807,59.3924609
2009,Uzbekistan,NA,NA,NA,NA,NA,NA,1,NA,N,NA,NA,NA,NA,NA,NA,NA,NA,N,NA,NA,NA,NA,NA,0,NA,1,0,1,41.32373,63.9528098
2009,Vietnam,NA,NA,NA,NA,NA,NA,6,NA,N,NA,1060292444,15,NA,NA,NA,NA,NA,N,0,1,NA,NA,NA,0,NA,0,0,0,15.9266657,107.9650855
2010,Afghanistan,NA,NA,NA,NA,NA,NA,2,NA,N,NA,28664696.43,2,NA,NA,NA,NA,NA,N,3626102.157,2,0,1,1,0,NA,1,0,1,33.7680065,66.2385139
2010,Bangladesh,43.25,43.25,2,0,NA,NA,3,NA,N,NA,44793640.82,1,NA,578252029.7,NA,NA,NA,N,0,1,0,1,1,0,NA,1,1,2,24.4769288,90.2934413
2010,Bhutan,NA,NA,NA,NA,NA,NA,NA,NA,N,NA,NA,NA,NA,NA,NA,NA,NA,N,NA,NA,0,0,0,0,NA,0,0,0,27.549511,90.5119273
2010,Brunei,NA,NA,NA,NA,NA,NA,NA,NA,N,NA,NA,NA,NA,NA,NA,NA,NA,N,NA,NA,0,0,0,0,NA,0,0,0,4.4137155,114.5653908
2010,Cambodia,NA,NA,NA,NA,NA,NA,3,NA,N,NA,2316608651,12,NA,2541931396,349003293.9,1,1,Y,NA,NA,0,4,4,0,NA,1,0,1,12.5433216,104.8144914
2010,North Korea,NA,NA,NA,NA,NA,NA,2,NA,N,NA,576256893.2,6,NA,NA,0,1,1,N,NA,NA,0,2,2,0,NA,0,0,0,40.3736611,127.0870417
2010,India,NA,NA,NA,NA,NA,NA,1,NA,N,NA,6807122281,10,4472070832,963478808.2,NA,NA,NA,N,NA,NA,1,1,2,0,NA,2,0,2,22.3511148,78.6677428
2010,Indonesia,NA,NA,NA,NA,NA,NA,4,NA,Y,0,126202084,2,NA,6018247322,NA,NA,NA,Y,NA,NA,0,1,1,0,NA,7,0,7,-2.4833826,117.8902853
2010,Japan,NA,NA,NA,NA,NA,NA,3,NA,N,NA,NA,NA,2860693637,6217862614,NA,NA,NA,Y,NA,NA,1,0,1,0,NA,12,6,18,36.5748441,139.2394179
2010,Kazakhstan,NA,NA,NA,NA,NA,NA,3,NA,N,NA,1296297949,4,NA,3603942050,NA,NA,NA,N,NA,NA,1,1,2,0,NA,4,0,4,48.1012954,66.7780818
2010,Kyrgyzstan,NA,NA,NA,NA,NA,NA,NA,NA,N,NA,6905139.317,1,NA,189270322.7,NA,NA,NA,Y,NA,NA,0,0,0,0,NA,2,0,2,41.5089324,74.724091
2010,Laos,16,16,1,0,NA,NA,2,NA,N,NA,588404107.8,7,NA,NA,NA,NA,NA,Y,NA,NA,0,1,1,0,NA,1,0,1,20.0171109,103.378253
2010,Malaysia,NA,NA,NA,NA,NA,NA,2,NA,Y,0,NA,NA,7424313860,5755852991,NA,NA,NA,Y,NA,NA,0,0,0,1,NA,1,0,1,4.5693754,102.2656823
2010,Maldives,NA,NA,NA,NA,NA,NA,NA,NA,N,NA,122220965.9,2,NA,NA,NA,NA,NA,N,NA,NA,0,1,1,0,NA,0,0,0,3.7203503,73.2244152
2010,Mongolia,NA,NA,NA,NA,NA,NA,2,NA,N,NA,241206786.8,3,NA,3634167783,77902520.97,1,1,N,0,1,1,2,3,0,NA,1,2,3,46.8250388,103.8499736
2010,Myanmar,164.3,164.3,6,0,NA,NA,2,NA,N,NA,6253853068,7,NA,NA,158818204.3,1,1,N,NA,NA,1,1,2,0,NA,0,2,2,17.1750495,95.9999652
2010,Nepal,NA,NA,NA,NA,6608047.064,1,1,NA,N,NA,0,1,NA,2480247.826,NA,NA,NA,N,0,1,0,1,1,0,NA,1,1,2,28.3780464,83.9999901
2010,Pakistan,296.4,296.4,4,0,307586899,3,6,2,N,NA,3551377057,11,NA,1581269611,NA,NA,NA,N,0,1,1,2,3,0,NA,1,1,2,30.3308401,71.247499
2010,Philippines,NA,NA,NA,NA,NA,NA,3,NA,N,NA,949787535.6,2,3219696749,2094040423,NA,NA,NA,Y,NA,NA,0,1,1,0,NA,3,0,3,14.5904492,120.9803621
2010,Russia,NA,NA,NA,NA,NA,NA,3,NA,N,NA,1827632093,4,NA,3081642984,NA,NA,NA,Y,NA,NA,2,1,3,0,NA,17,3,20,64.6863136,97.7453061
2010,Singapore,NA,NA,NA,NA,NA,NA,7,2,Y,0,NA,NA,8961880039,56533972790,NA,NA,NA,N,NA,NA,0,2,2,0,NA,1,1,2,1.357107,103.8194992
2010,South Korea,NA,NA,NA,NA,NA,NA,NA,NA,Y,0,NA,NA,3407292063,5483848461,NA,NA,NA,Y,NA,NA,2,0,2,0,NA,15,4,19,36.638392,127.6961188
2010,Sri Lanka,NA,NA,NA,NA,NA,NA,3,NA,N,NA,1004479223,9,NA,NA,NA,NA,NA,N,NA,NA,0,2,2,0,NA,1,1,2,7.5554942,80.7137847
2010,Tajikistan,NA,NA,NA,NA,1035770.898,1,NA,NA,N,NA,278859868.7,2,NA,NA,NA,NA,NA,N,NA,NA,1,2,3,0,NA,1,0,1,38.6281733,70.8156541
2010,Thailand,NA,NA,NA,NA,NA,NA,4,2,N,NA,32632431.12,3,9382283739,11750655718,31090283.34,2,1,Y,1542147.781,1,0,2,2,0,NA,12,11,23,14.8971921,100.83273
2010,Turkmenistan,NA,NA,NA,NA,NA,NA,1,NA,N,NA,NA,NA,NA,NA,NA,NA,NA,N,NA,NA,0,1,1,0,NA,0,0,0,39.3763807,59.3924609
2010,Uzbekistan,NA,NA,NA,NA,NA,NA,1,NA,N,NA,NA,NA,NA,NA,NA,NA,NA,N,NA,NA,1,0,1,0,NA,1,0,1,41.32373,63.9528098
2010,Vietnam,NA,NA,NA,NA,NA,NA,5,NA,N,NA,1689921004,4,NA,NA,NA,NA,NA,N,7331.961072,1,1,1,2,0,NA,0,0,0,15.9266657,107.9650855
2011,Afghanistan,NA,NA,NA,NA,NA,NA,NA,NA,N,NA,16622276.12,1,NA,NA,NA,NA,NA,N,5503491.842,1,0,0,0,0,NA,1,0,1,33.7680065,66.2385139
2011,Bangladesh,538.7,538.7,6,0,NA,NA,3,NA,N,NA,739457897.6,3,NA,729349193.8,NA,NA,NA,N,NA,NA,0,0,0,0,NA,1,1,2,24.4769288,90.2934413
2011,Bhutan,NA,NA,NA,NA,NA,NA,NA,NA,N,NA,NA,NA,NA,NA,NA,NA,NA,N,NA,NA,0,0,0,0,NA,0,0,0,27.549511,90.5119273
2011,Brunei,NA,NA,NA,NA,NA,NA,NA,NA,N,NA,NA,NA,NA,NA,NA,NA,NA,N,NA,NA,1,0,1,0,NA,0,0,0,4.4137155,114.5653908
2011,Cambodia,39,39,1,0,17879478.38,3,1,NA,N,NA,258348893.5,5,NA,3376217662,NA,NA,NA,Y,NA,NA,0,1,1,0,NA,1,0,1,12.5433216,104.8144914
2011,North Korea,NA,NA,NA,NA,NA,NA,4,NA,N,NA,NA,NA,NA,NA,NA,NA,NA,N,212833.2409,2,0,1,1,0,NA,0,0,0,40.3736611,127.0870417
2011,India,NA,NA,NA,NA,NA,NA,1,NA,N,NA,NA,NA,3913744090,1109329129,NA,NA,NA,N,NA,NA,0,1,1,0,NA,2,0,2,22.3511148,78.6677428
2011,Indonesia,102.5,86.5,2,16,NA,NA,3,1,Y,0,372233279.9,4,NA,8384278647,NA,NA,NA,Y,NA,NA,2,0,2,0,NA,7,0,7,-2.4833826,117.8902853
2011,Japan,NA,NA,NA,NA,NA,NA,2,NA,N,NA,NA,NA,3203760626,7045503642,NA,NA,NA,Y,NA,NA,1,1,2,0,NA,12,7,19,36.5748441,139.2394179
2011,Kazakhstan,NA,NA,NA,NA,NA,NA,3,NA,Y,0,4120312449,5,NA,5599743385,0,1,1,N,NA,NA,1,1,2,0,NA,4,0,4,48.1012954,66.7780818
2011,Kyrgyzstan,NA,NA,NA,NA,NA,NA,2,NA,N,NA,310140413.9,7,NA,400377483.8,NA,NA,NA,Y,NA,NA,0,2,2,0,NA,2,8,10,41.5089324,74.724091
2011,Laos,NA,NA,NA,NA,NA,NA,3,NA,N,NA,863396798,9,NA,NA,NA,NA,NA,Y,170266.5927,3,0,1,1,0,NA,1,0,1,20.0171109,103.378253
2011,Malaysia,NA,NA,NA,NA,NA,NA,1,NA,Y,0,NA,NA,5965592768,5450236264,NA,NA,NA,Y,NA,NA,1,1,2,0,NA,1,0,1,4.5693754,102.2656823
2011,Maldives,NA,NA,NA,NA,NA,NA,NA,NA,N,NA,6604869.358,1,NA,NA,NA,NA,NA,N,NA,NA,0,0,0,0,NA,0,0,0,3.7203503,73.2244152
2011,Mongolia,NA,NA,NA,NA,NA,NA,NA,NA,Y,0,137460940.8,2,NA,4455200793,NA,NA,NA,N,NA,NA,0,1,1,0,NA,1,2,3,46.8250388,103.8499736
2011,Myanmar,165.4,165.4,6,0,NA,NA,3,NA,N,NA,550128169.2,7,NA,NA,NA,NA,NA,N,NA,NA,0,1,1,0,NA,0,2,2,17.1750495,95.9999652
2011,Nepal,NA,NA,NA,NA,NA,NA,3,NA,N,NA,311641599,7,NA,2039350.845,NA,NA,NA,N,NA,NA,0,0,0,0,NA,1,1,2,28.3780464,83.9999901
2011,Pakistan,1075,1075,5,0,NA,NA,3,4,Y,0,1040296556,6,NA,1815365164,NA,NA,NA,N,1505768.219,2,0,2,2,0,NA,1,1,2,30.3308401,71.247499
2011,Philippines,NA,NA,NA,NA,NA,NA,2,NA,N,NA,NA,NA,3500264422,2351083459,NA,NA,NA,Y,NA,NA,0,1,1,0,NA,3,0,3,14.5904492,120.9803621
2011,Russia,NA,NA,NA,NA,NA,NA,5,NA,N,NA,0,2,NA,2265425085,NA,NA,NA,Y,NA,NA,2,2,4,0,NA,17,4,21,64.6863136,97.7453061
2011,Singapore,NA,NA,NA,NA,NA,NA,3,NA,Y,0,NA,NA,8913490762,57301548815,NA,NA,NA,N,NA,NA,0,0,0,0,NA,1,1,2,1.357107,103.8194992
2011,South Korea,NA,NA,NA,NA,NA,NA,2,NA,Y,0,NA,NA,2615700653,6566789746,NA,NA,NA,Y,NA,NA,0,1,1,0,NA,16,4,20,36.638392,127.6961188
2011,Sri Lanka,NA,NA,NA,NA,NA,NA,2,NA,N,NA,1649334416,8,NA,NA,NA,NA,NA,N,NA,NA,0,0,0,0,NA,1,1,2,7.5554942,80.7137847
2011,Tajikistan,NA,NA,NA,NA,638499.7227,1,2,NA,N,NA,36410811.72,2,NA,NA,NA,NA,NA,N,NA,NA,0,0,0,0,NA,1,0,1,38.6281733,70.8156541
2011,Thailand,NA,NA,NA,NA,NA,NA,3,1,Y,0,NA,NA,8520508376,19646291738,NA,NA,NA,Y,NA,NA,0,0,0,0,NA,12,11,23,14.8971921,100.83273
2011,Turkmenistan,NA,NA,NA,NA,NA,NA,NA,NA,N,NA,5641079138,1,NA,NA,NA,NA,NA,N,NA,NA,0,1,1,0,NA,0,0,0,39.3763807,59.3924609
2011,Uzbekistan,NA,NA,NA,NA,NA,NA,2,NA,Y,0,NA,NA,NA,NA,NA,NA,NA,N,NA,NA,0,1,1,0,NA,1,0,1,41.32373,63.9528098
2011,Vietnam,NA,NA,NA,NA,NA,NA,4,NA,N,NA,4714115406,7,NA,NA,NA,NA,NA,N,6879.364802,1,0,0,0,0,NA,0,0,0,15.9266657,107.9650855
2012,Afghanistan,NA,NA,NA,NA,895288.0811,2,1,NA,N,NA,NA,NA,NA,NA,NA,NA,NA,N,NA,NA,0,1,1,0,NA,1,0,1,33.7680065,66.2385139
2012,Bangladesh,464,464,5,0,NA,NA,NA,NA,N,NA,640235081.3,2,NA,836969711.5,NA,NA,NA,N,NA,NA,0,0,0,0,NA,1,1,2,24.4769288,90.2934413
2012,Bhutan,NA,NA,NA,NA,NA,NA,NA,NA,N,NA,NA,NA,NA,4082684.829,NA,NA,NA,N,NA,NA,0,0,0,0,NA,0,0,0,27.549511,90.5119273
2012,Brunei,NA,NA,NA,NA,NA,NA,1,NA,N,NA,NA,NA,NA,NA,NA,NA,NA,N,NA,NA,0,0,0,0,NA,0,0,0,4.4137155,114.5653908
2012,Cambodia,16,16,1,0,969361.3423,2,1,NA,N,NA,1218487341,13,NA,4404014728,NA,NA,NA,Y,0,2,2,2,4,0,NA,1,0,1,12.5433216,104.8144914
2012,North Korea,NA,NA,NA,NA,NA,NA,NA,NA,N,NA,58297828.54,3,NA,NA,NA,NA,NA,N,0,1,0,0,0,0,NA,0,0,0,40.3736611,127.0870417
2012,India,NA,NA,NA,NA,NA,NA,1,NA,N,NA,0,1,3724701998,1915999524,NA,NA,NA,N,NA,NA,1,0,1,0,NA,3,0,3,22.3511148,78.6677428
2012,Indonesia,NA,NA,NA,NA,NA,NA,3,1,Y,0,1030657831,7,NA,9484343537,177602011.2,2,1,Y,NA,NA,1,1,2,0,NA,7,0,7,-2.4833826,117.8902853
2012,Japan,NA,NA,NA,NA,NA,NA,1,NA,N,NA,NA,NA,2951071350,8468633155,NA,NA,NA,Y,NA,NA,0,1,1,1,NA,13,7,20,36.5748441,139.2394179
2012,Kazakhstan,NA,NA,NA,NA,NA,NA,2,NA,Y,0,12118210278,9,NA,7207445850,NA,NA,NA,N,NA,NA,0,3,3,0,NA,4,0,4,48.1012954,66.7780818
2012,Kyrgyzstan,NA,NA,NA,NA,NA,NA,NA,NA,N,NA,736596163.4,9,NA,450941093.5,NA,NA,NA,Y,37685382.02,1,1,2,3,0,NA,2,12,14,41.5089324,74.724091
2012,Laos,16,16,1,0,NA,NA,3,NA,N,NA,808715488.5,10,NA,NA,52051632.62,1,1,Y,0,3,1,2,3,0,NA,1,0,1,20.0171109,103.378253
2012,Malaysia,NA,NA,NA,NA,NA,NA,1,NA,Y,0,229862106.9,1,7333359399,6810416511,NA,NA,NA,Y,NA,NA,0,1,1,0,NA,1,0,1,4.5693754,102.2656823
2012,Maldives,NA,NA,NA,NA,NA,NA,1,NA,N,NA,279432288.2,2,NA,NA,NA,NA,NA,N,NA,NA,0,1,1,0,NA,0,0,0,3.7203503,73.2244152
2012,Mongolia,NA,NA,NA,NA,NA,NA,1,NA,Y,443652025.2,NA,NA,NA,5029921453,NA,NA,NA,N,NA,NA,0,1,1,0,NA,1,2,3,46.8250388,103.8499736
2012,Myanmar,NA,NA,NA,NA,0,1,4,NA,N,NA,716510240.8,6,NA,NA,NA,NA,NA,N,7391331.833,1,0,1,1,0,NA,0,2,2,17.1750495,95.9999652
2012,Nepal,NA,NA,NA,NA,NA,NA,NA,NA,N,NA,2266625292,3,NA,5954852.378,NA,NA,NA,N,0,2,1,0,1,0,NA,1,1,2,28.3780464,83.9999901
2012,Pakistan,1315,631.2,1,683.8,NA,NA,4,NA,Y,0,9473397.138,1,NA,2174937468,NA,NA,NA,N,NA,NA,0,3,3,0,NA,1,1,2,30.3308401,71.247499
2012,Philippines,NA,NA,NA,NA,NA,NA,NA,NA,N,NA,459724213.8,1,3682204351,2841460924,NA,NA,NA,Y,NA,NA,0,0,0,0,NA,3,0,3,14.5904492,120.9803621
2012,Russia,NA,NA,NA,NA,NA,NA,3,1,N,NA,1878301788,3,NA,3393989258,NA,NA,NA,Y,NA,NA,2,1,3,1,NA,17,4,21,64.6863136,97.7453061
2012,Singapore,NA,NA,NA,NA,NA,NA,2,NA,Y,5377600.305,NA,NA,10250953010,66185249786,NA,NA,NA,N,NA,NA,0,1,1,0,NA,1,2,3,1.357107,103.8194992
2012,South Korea,NA,NA,NA,NA,NA,NA,1,NA,Y,0,NA,NA,3326091409,7177200144,NA,NA,NA,Y,NA,NA,0,2,2,0,NA,18,4,22,36.638392,127.6961188
2012,Sri Lanka,NA,NA,NA,NA,NA,NA,4,2,N,NA,1503751076,8,NA,NA,NA,NA,NA,N,NA,NA,0,0,0,0,NA,1,1,2,7.5554942,80.7137847
2012,Tajikistan,NA,NA,NA,NA,NA,NA,2,NA,N,NA,527437537.9,5,NA,NA,NA,NA,NA,N,NA,NA,0,2,2,0,NA,1,0,1,38.6281733,70.8156541
2012,Thailand,4.4,20.96,2,-16.56,NA,NA,3,1,Y,110240806.3,47558405.12,3,9437946990,15433882503,NA,NA,NA,Y,0,1,1,1,2,1,NA,12,11,23,14.8971921,100.83273
2012,Turkmenistan,NA,NA,NA,NA,NA,NA,1,NA,N,NA,NA,NA,NA,NA,NA,NA,NA,N,NA,NA,0,1,1,0,NA,0,0,0,39.3763807,59.3924609
2012,Uzbekistan,NA,NA,NA,NA,NA,NA,2,NA,Y,0,NA,NA,NA,NA,NA,NA,NA,N,NA,NA,0,1,1,0,NA,1,0,1,41.32373,63.9528098
2012,Vietnam,NA,NA,NA,NA,NA,NA,1,NA,N,NA,1579077844,4,1801553344,NA,NA,NA,NA,N,NA,NA,0,1,1,0,NA,0,0,0,15.9266657,107.9650855
2013,Afghanistan,NA,NA,NA,NA,NA,NA,NA,NA,N,NA,NA,NA,NA,NA,NA,NA,NA,N,NA,NA,0,1,1,0,NA,1,0,1,33.7680065,66.2385139
2013,Bangladesh,185.1,185.1,4,0,NA,NA,3,NA,N,NA,720228806.2,5,NA,788646077.1,NA,NA,NA,N,0,1,0,0,0,0,NA,1,1,2,24.4769288,90.2934413
2013,Bhutan,NA,NA,NA,NA,NA,NA,NA,NA,N,NA,NA,NA,NA,4530005.201,NA,NA,NA,N,NA,NA,0,0,0,0,NA,0,0,0,27.549511,90.5119273
2013,Brunei,NA,NA,NA,NA,NA,NA,3,NA,N,NA,NA,NA,NA,NA,NA,NA,NA,N,NA,NA,1,1,2,0,NA,0,0,0,4.4137155,114.5653908
2013,Cambodia,NA,NA,NA,NA,17414771.94,1,4,NA,N,NA,1342619832,11,NA,5361938986,NA,NA,NA,Y,NA,NA,0,5,5,0,NA,1,3,4,12.5433216,104.8144914
2013,North Korea,NA,NA,NA,NA,NA,NA,1,NA,N,NA,NA,NA,NA,NA,NA,NA,NA,N,NA,NA,0,0,0,0,NA,0,0,0,40.3736611,127.0870417
2013,India,NA,NA,NA,NA,NA,NA,5,1,N,NA,420655078.1,2,3530584952,1869271533,NA,NA,NA,N,NA,NA,1,1,2,0,NA,3,0,3,22.3511148,78.6677428
2013,Indonesia,8,8,1,0,NA,NA,4,1,Y,0,4249615702,6,NA,4879521865,NA,NA,NA,Y,NA,NA,1,0,1,0,NA,7,0,7,-2.4833826,117.8902853
2013,Japan,NA,NA,NA,NA,NA,NA,NA,NA,N,NA,NA,NA,NA,7974765033,NA,NA,NA,Y,NA,NA,0,0,0,0,NA,13,7,20,36.5748441,139.2394179
2013,Kazakhstan,NA,NA,NA,NA,NA,NA,2,NA,Y,0,1003343252,5,NA,8518795119,NA,NA,NA,N,NA,NA,1,1,2,0,NA,4,0,4,48.1012954,66.7780818
2013,Kyrgyzstan,NA,NA,NA,NA,NA,NA,2,1,N,NA,1370453006,5,NA,922783876,NA,NA,NA,Y,NA,NA,1,2,3,0,NA,3,12,15,41.5089324,74.724091
2013,Laos,NA,NA,NA,NA,NA,NA,1,NA,N,NA,1037447082,9,NA,NA,41047464.95,1,1,Y,252387.9991,2,0,2,2,0,NA,1,0,1,20.0171109,103.378253
2013,Malaysia,NA,NA,NA,NA,NA,NA,3,NA,Y,0,214529799.2,3,8098714244,8666409519,NA,NA,NA,Y,NA,NA,1,0,1,0,NA,1,0,1,4.5693754,102.2656823
2013,Maldives,NA,NA,NA,NA,NA,NA,1,NA,N,NA,NA,NA,NA,NA,NA,NA,NA,N,NA,NA,0,0,0,0,NA,0,0,0,3.7203503,73.2244152
2013,Mongolia,NA,NA,NA,NA,NA,NA,NA,1,Y,846521543.8,95781245.66,2,NA,5478458917,NA,NA,NA,N,NA,NA,0,1,1,0,NA,1,2,3,46.8250388,103.8499736
2013,Myanmar,408.8,408.8,3,0,NA,NA,3,NA,N,NA,377540898.2,8,NA,NA,0,1,1,N,0,1,0,2,2,0,NA,0,3,3,17.1750495,95.9999652
2013,Nepal,NA,NA,NA,NA,41047464.95,1,NA,NA,N,NA,41047464.95,1,NA,10833257.48,NA,NA,NA,N,NA,NA,0,0,0,0,NA,1,2,3,28.3780464,83.9999901
2013,Pakistan,377,377,4,0,NA,NA,4,1,Y,1084605728,1205529722,3,NA,2485030980,NA,NA,NA,N,NA,NA,1,1,2,0,NA,2,1,3,30.3308401,71.247499
2013,Philippines,NA,NA,NA,NA,NA,NA,2,NA,N,NA,NA,NA,3907935836,2862633109,NA,NA,NA,Y,NA,NA,0,0,0,0,NA,3,0,3,14.5904492,120.9803621
2013,Russia,NA,NA,NA,NA,NA,NA,4,5,N,NA,1620522769,4,NA,6195677713,NA,NA,NA,Y,NA,NA,2,1,3,0,NA,17,4,21,64.6863136,97.7453061
2013,Singapore,NA,NA,NA,NA,NA,NA,3,NA,Y,5290759.649,NA,NA,13462576772,67322648104,NA,NA,NA,N,NA,NA,0,1,1,0,NA,1,2,3,1.357107,103.8194992
2013,South Korea,NA,NA,NA,NA,NA,NA,5,NA,Y,13226899.12,NA,NA,3142998509,8855895223,NA,NA,NA,Y,NA,NA,0,1,1,0,NA,18,4,22,36.638392,127.6961188
2013,Sri Lanka,NA,NA,NA,NA,NA,NA,3,NA,N,NA,721793970.8,6,NA,1221697866,NA,NA,NA,N,NA,NA,0,3,3,0,NA,1,1,2,7.5554942,80.7137847
2013,Tajikistan,NA,NA,NA,NA,30479292.4,3,NA,NA,N,NA,275776447.6,8,NA,NA,NA,NA,NA,N,NA,NA,0,1,1,0,NA,1,0,1,38.6281733,70.8156541
2013,Thailand,NA,NA,NA,NA,NA,NA,4,1,Y,108460572.8,499660288.3,2,8597356484,15090338299,NA,NA,NA,Y,NA,NA,1,1,2,2,NA,12,11,23,14.8971921,100.83273
2013,Turkmenistan,NA,NA,NA,NA,NA,NA,1,NA,N,NA,NA,NA,NA,NA,NA,NA,NA,N,NA,NA,1,0,1,0,NA,0,0,0,39.3763807,59.3924609
2013,Uzbekistan,16.2,16.2,2,0,NA,NA,NA,NA,Y,0,1514327995,1,NA,NA,NA,NA,NA,N,NA,NA,2,0,2,0,NA,2,0,2,41.32373,63.9528098
2013,Vietnam,NA,NA,NA,NA,NA,NA,3,NA,N,NA,308848339.6,7,NA,NA,NA,NA,NA,N,NA,NA,1,2,3,0,NA,1,0,1,15.9266657,107.9650855
2014,Afghanistan,NA,NA,NA,NA,1206048.481,2,NA,NA,N,NA,1596004.157,1,NA,NA,NA,NA,NA,N,NA,NA,0,2,2,0,NA,1,0,1,33.7680065,66.2385139
2014,Bangladesh,131,131,1,0,NA,NA,3,NA,N,NA,1183151314,5,NA,967076711.3,NA,NA,NA,N,NA,NA,0,2,2,0,NA,1,1,2,24.4769288,90.2934413
2014,Bhutan,NA,NA,NA,NA,NA,NA,NA,NA,N,NA,NA,NA,NA,17629519.46,NA,NA,NA,N,NA,NA,0,0,0,0,NA,0,0,0,27.549511,90.5119273
2014,Brunei,NA,NA,NA,NA,NA,NA,1,NA,N,NA,NA,NA,NA,NA,NA,NA,NA,N,NA,NA,0,1,1,0,1,0,0,0,4.4137155,114.5653908
2014,Cambodia,NA,NA,NA,NA,4020161.605,1,2,NA,N,NA,753099640.7,15,NA,6258962104,11256452.49,1,1,Y,0,1,0,5,5,1,NA,1,3,4,12.5433216,104.8144914
2014,North Korea,NA,NA,NA,NA,NA,NA,NA,NA,N,NA,52578427.28,4,NA,NA,NA,NA,NA,N,0,1,0,0,0,0,NA,0,0,0,40.3736611,127.0870417
2014,India,NA,NA,NA,NA,NA,NA,1,1,N,NA,NA,NA,3580476836,2045560909,NA,NA,NA,N,NA,NA,1,0,1,0,1,3,1,4,22.3511148,78.6677428
2014,Indonesia,10,10,1,0,NA,NA,4,3,Y,0,1822462140,11,NA,9250307309,475588929.7,1,1,Y,NA,NA,0,1,1,2,1,7,1,8,-2.4833826,117.8902853
2014,Japan,NA,NA,NA,NA,NA,NA,1,NA,N,NA,NA,NA,NA,9416615699,NA,NA,NA,Y,NA,NA,0,1,1,0,NA,13,8,21,36.5748441,139.2394179
2014,Kazakhstan,NA,NA,NA,NA,NA,NA,3,NA,Y,0,1238512838,1,NA,7058339870,NA,NA,NA,N,NA,NA,1,2,3,0,1,4,0,4,48.1012954,66.7780818
2014,Kyrgyzstan,NA,NA,NA,NA,NA,NA,1,NA,N,NA,10552924.21,2,NA,973967902,NA,NA,NA,Y,NA,NA,0,2,2,1,1,3,17,20,41.5089324,74.724091
2014,Laos,NA,NA,NA,NA,NA,NA,3,NA,N,NA,3012872870,14,NA,NA,56847739.26,1,1,Y,NA,NA,0,3,3,0,1,1,0,1,20.0171109,103.378253
2014,Malaysia,NA,NA,NA,NA,NA,NA,1,1,Y,0,8050333.446,1,8258746931,9441409290,NA,NA,NA,Y,NA,NA,0,3,3,2,1,1,0,1,4.5693754,102.2656823
2014,Maldives,NA,NA,NA,NA,402016.1605,2,1,NA,N,NA,34790630.06,2,NA,NA,NA,NA,NA,N,NA,NA,1,1,2,0,NA,0,0,0,3.7203503,73.2244152
2014,Mongolia,NA,NA,NA,NA,NA,NA,2,NA,Y,834316153.4,389064305.7,4,NA,6016608065,NA,NA,NA,N,63671434.33,2,1,2,3,0,NA,3,5,8,46.8250388,103.8499736
2014,Myanmar,NA,NA,NA,NA,0,1,3,NA,N,NA,455042001.7,4,NA,NA,123851283.8,1,1,N,943746.7824,3,1,2,3,1,1,0,3,3,17.1750495,95.9999652
2014,Nepal,NA,NA,NA,NA,NA,NA,NA,NA,N,NA,633869.1884,1,NA,11677245.25,NA,NA,NA,N,24770.25676,2,0,1,1,0,NA,1,6,7,28.3780464,83.9999901
2014,Pakistan,333,333,4,0,NA,NA,4,2,Y,1068967572,1088235275,9,NA,3908605425,NA,NA,NA,N,NA,NA,0,4,4,0,NA,3,1,4,30.3308401,71.247499
2014,Philippines,NA,NA,NA,NA,NA,NA,NA,NA,N,NA,NA,NA,5133961034,3416297318,NA,NA,NA,Y,NA,NA,0,1,1,0,NA,4,0,4,14.5904492,120.9803621
2014,Russia,NA,NA,NA,NA,NA,NA,3,5,Y,1955428.485,619256418.9,2,NA,3977091433,NA,NA,NA,Y,NA,NA,2,2,4,0,2,17,5,22,64.6863136,97.7453061
2014,Singapore,NA,NA,NA,NA,NA,NA,6,1,Y,2085790384,NA,NA,13861204204,86854688137,NA,NA,NA,N,NA,NA,0,3,3,0,NA,1,2,3,1.357107,103.8194992
2014,South Korea,NA,NA,NA,NA,NA,NA,3,NA,Y,13036189.9,NA,NA,NA,9450888332,NA,NA,NA,Y,NA,NA,1,0,1,1,NA,20,7,27,36.638392,127.6961188
2014,Sri Lanka,NA,NA,NA,NA,NA,NA,6,NA,Y,0,2689783366,8,NA,1506878157,NA,NA,NA,N,98313052.05,1,1,2,3,0,NA,2,1,3,7.5554942,80.7137847
2014,Tajikistan,NA,NA,NA,NA,NA,NA,3,NA,N,NA,1277335428,11,NA,NA,NA,NA,NA,N,NA,NA,1,2,3,0,1,2,1,3,38.6281733,70.8156541
2014,Thailand,NA,NA,NA,NA,NA,NA,4,1,Y,106896757.2,15330461.23,1,9593210364,18664808621,NA,NA,NA,Y,NA,NA,1,2,3,4,NA,13,18,31,14.8971921,100.83273
2014,Turkmenistan,NA,NA,NA,NA,NA,NA,NA,NA,N,NA,NA,NA,NA,NA,NA,NA,NA,N,NA,NA,0,1,1,0,NA,0,0,0,39.3763807,59.3924609
2014,Uzbekistan,NA,NA,NA,NA,NA,NA,1,NA,Y,0,5325605.203,1,NA,NA,193666252.4,1,1,N,15109856.62,4,0,2,2,0,NA,2,0,2,41.32373,63.9528098
2014,Vietnam,NA,NA,NA,NA,NA,NA,3,NA,N,NA,2853533578,3,NA,NA,NA,NA,NA,N,NA,NA,0,1,1,0,1,1,0,1,15.9266657,107.9650855
2015,Afghanistan,NA,NA,NA,NA,NA,NA,1,NA,N,NA,0,3,NA,NA,NA,NA,NA,N,NA,NA,0,1,1,0,NA,1,0,1,33.7680065,66.2385139
2015,Bangladesh,419.34,419.34,7,0,16379431.58,1,1,NA,N,NA,635896679.8,5,NA,1063990234,NA,NA,NA,N,5701867.081,1,0,0,0,0,NA,1,1,2,24.4769288,90.2934413
2015,Bhutan,NA,NA,NA,NA,NA,NA,NA,NA,N,NA,NA,NA,NA,21742525.23,NA,NA,NA,N,NA,NA,0,0,0,0,NA,0,0,0,27.549511,90.5119273
2015,Brunei,NA,NA,NA,NA,NA,NA,NA,NA,N,NA,244357022.3,2,NA,NA,26654162.17,1,1,N,NA,NA,0,0,0,0,NA,0,0,0,4.4137155,114.5653908
2015,Cambodia,NA,NA,NA,NA,NA,NA,3,NA,N,NA,961488433.1,14,NA,7084786395,NA,NA,NA,Y,0,1,0,5,5,0,NA,1,3,4,12.5433216,104.8144914
2015,North Korea,NA,NA,NA,NA,NA,NA,NA,NA,N,NA,27365635.68,2,NA,NA,NA,NA,NA,N,NA,NA,0,0,0,0,NA,0,0,0,40.3736611,127.0870417
2015,India,NA,NA,NA,NA,NA,NA,4,1,N,NA,0,2,3432923035,2536117367,NA,NA,NA,N,NA,NA,0,1,1,1,1,3,1,4,22.3511148,78.6677428
2015,Indonesia,10.4,10.4,3,0,NA,NA,3,NA,Y,0,8255373841,22,NA,10150913041,1599500829,3,1,Y,NA,NA,1,1,2,0,NA,7,2,9,-2.4833826,117.8902853
2015,Japan,NA,NA,NA,NA,NA,NA,1,NA,N,NA,NA,NA,NA,10861707147,NA,NA,NA,Y,NA,NA,0,0,0,0,NA,14,9,23,36.5748441,139.2394179
2015,Kazakhstan,11,11,2,0,NA,NA,1,1,Y,0,2887638859,4,NA,19540801512,NA,NA,NA,N,NA,NA,1,3,4,0,1,4,0,4,48.1012954,66.7780818
2015,Kyrgyzstan,NA,NA,NA,NA,NA,NA,1,NA,N,NA,412099043.1,4,NA,1446472333,NA,NA,NA,Y,NA,NA,0,2,2,0,1,3,17,20,41.5089324,74.724091
2015,Laos,2.16,2.16,1,0,NA,NA,3,NA,N,NA,774172247,8,NA,NA,85193323.17,2,1,Y,0,1,0,2,2,0,NA,1,0,1,20.0171109,103.378253
2015,Malaysia,NA,NA,NA,NA,NA,NA,5,1,Y,0,1543549363,6,6615678270,9192712904,1320975273,4,2,Y,NA,NA,1,1,2,0,NA,2,0,2,4.5693754,102.2656823
2015,Maldives,NA,NA,NA,NA,NA,NA,1,NA,N,NA,470783690.4,2,NA,NA,NA,NA,NA,N,468593.3188,2,0,1,1,0,NA,0,0,0,3.7203503,73.2244152
2015,Mongolia,NA,NA,NA,NA,88738397.64,2,2,4,Y,827826776.2,1493876440,7,NA,6797395443,37991701.51,1,1,N,NA,NA,0,3,3,0,NA,3,5,8,46.8250388,103.8499736
2015,Myanmar,197.9,197.9,6,0,49168057.35,2,2,NA,N,NA,234215488.4,3,NA,10880505471,NA,NA,NA,N,NA,NA,0,2,2,1,NA,0,3,3,17.1750495,95.9999652
2015,Nepal,24.45,24.45,1,0,NA,NA,NA,NA,N,NA,34068365.91,4,NA,17052710.82,NA,NA,NA,N,NA,NA,0,1,1,0,NA,1,6,7,28.3780464,83.9999901
2015,Pakistan,2877.88,230.88,8,2647,18976170.73,1,4,4,Y,1060653057,13631680355,31,NA,2302187267,2006758348,1,1,N,10167232.53,2,1,2,3,0,NA,4,2,6,30.3308401,71.247499
2015,Philippines,NA,NA,NA,NA,NA,NA,NA,NA,N,NA,0,1,5215306020,3323021453,NA,NA,NA,Y,NA,NA,1,0,1,0,NA,4,3,7,14.5904492,120.9803621
2015,Russia,33.6,28.8,1,4.8,NA,NA,7,3,Y,168152313.9,2120361362,5,NA,2468444333,NA,NA,NA,Y,NA,NA,2,2,4,0,4,17,5,22,64.6863136,97.7453061
2015,Singapore,NA,NA,NA,NA,NA,NA,5,1,Y,2069566941,NA,NA,11613687178,84340085659,NA,NA,NA,N,NA,NA,1,1,2,0,NA,1,2,3,1.357107,103.8194992
2015,South Korea,NA,NA,NA,NA,NA,NA,3,1,Y,12934793.38,NA,NA,NA,12507323701,NA,NA,NA,Y,NA,NA,2,1,3,1,NA,21,11,32,36.638392,127.6961188
2015,Sri Lanka,NA,NA,NA,NA,NA,NA,3,2,Y,0,4430436.492,2,NA,1838639846,NA,NA,NA,N,2556789.319,2,0,1,1,0,NA,2,1,3,7.5554942,80.7137847
2015,Tajikistan,NA,NA,NA,NA,NA,NA,1,NA,Y,129347.9338,650346490.9,2,NA,1257283686,NA,NA,NA,N,NA,NA,0,3,3,0,1,2,1,3,38.6281733,70.8156541
2015,Thailand,16,16,1,0,NA,NA,5,2,Y,106065305.7,0,1,8219656067,16619440310,NA,NA,NA,Y,NA,NA,0,0,0,0,NA,15,18,33,14.8971921,100.83273
2015,Turkmenistan,230.1,230.1,12,0,NA,NA,NA,NA,N,NA,NA,NA,NA,NA,NA,NA,NA,N,NA,NA,0,1,1,0,NA,0,0,0,39.3763807,59.3924609
2015,Uzbekistan,NA,NA,NA,NA,188324.2734,1,NA,NA,N,NA,NA,NA,NA,NA,NA,NA,NA,N,NA,NA,0,1,1,0,NA,2,0,2,41.32373,63.9528098
2015,Vietnam,NA,NA,NA,NA,NA,NA,2,NA,N,NA,1829243888,4,NA,NA,NA,NA,NA,N,NA,NA,1,2,3,0,NA,1,0,1,15.9266657,107.9650855
2016,Afghanistan,NA,NA,NA,NA,NA,NA,4,NA,N,NA,147104475.5,3,NA,NA,NA,NA,NA,N,NA,NA,0,1,1,0,NA,1,0,1,33.7680065,66.2385139
2016,Bangladesh,NA,NA,NA,NA,NA,NA,4,1,N,NA,3340430626,15,NA,1187022288,NA,NA,NA,N,NA,NA,1,0,1,0,NA,2,1,3,24.4769288,90.2934413
2016,Bhutan,NA,NA,NA,NA,NA,NA,NA,NA,N,NA,NA,NA,NA,15734102.02,NA,NA,NA,N,NA,NA,0,0,0,0,NA,0,0,0,27.549511,90.5119273
2016,Brunei,NA,NA,NA,NA,NA,NA,1,NA,N,NA,NA,NA,NA,540196572.8,NA,NA,NA,N,NA,NA,0,0,0,0,NA,0,0,0,4.4137155,114.5653908
2016,Cambodia,NA,NA,NA,NA,NA,NA,4,NA,N,NA,1305778520,11,NA,8094757184,NA,NA,NA,Y,163641512.9,3,1,1,2,2,NA,1,3,4,12.5433216,104.8144914
2016,North Korea,NA,NA,NA,NA,NA,NA,NA,NA,N,NA,NA,NA,NA,NA,NA,NA,NA,N,NA,NA,0,0,0,0,NA,0,0,0,40.3736611,127.0870417
2016,India,NA,NA,NA,NA,NA,NA,2,3,N,NA,NA,NA,4011125046,2514530702,NA,NA,NA,N,NA,NA,1,2,3,0,1,3,2,5,22.3511148,78.6677428
2016,Indonesia,12,12,2,0,NA,NA,3,2,Y,0,4967849746,16,4614267090,16695503857,103167846,1,1,Y,NA,NA,0,1,1,6,NA,7,2,9,-2.4833826,117.8902853
2016,Japan,NA,NA,NA,NA,NA,NA,1,NA,N,NA,NA,NA,8182583158,11933855095,NA,NA,NA,Y,NA,NA,0,1,1,9,NA,14,8,22,36.5748441,139.2394179
2016,Kazakhstan,NA,NA,NA,NA,NA,NA,1,NA,Y,0,3038235061,2,NA,19274613790,NA,NA,NA,N,NA,NA,1,1,2,0,2,4,0,4,48.1012954,66.7780818
2016,Kyrgyzstan,NA,NA,NA,NA,NA,NA,1,NA,N,NA,97307622.63,1,NA,1658724295,NA,NA,NA,Y,NA,NA,1,1,2,0,1,4,21,25,41.5089324,74.724091
2016,Laos,2.4,2.4,1,0,NA,NA,2,NA,N,NA,5134602909,18,NA,NA,NA,NA,NA,Y,39161596.85,2,1,4,5,1,NA,1,0,1,20.0171109,103.378253
2016,Malaysia,NA,NA,NA,NA,NA,NA,4,1,Y,0,956249667.3,1,8315261238,15156650041,NA,NA,NA,Y,NA,NA,0,1,1,3,NA,2,0,2,4.5693754,102.2656823
2016,Maldives,NA,NA,NA,NA,NA,NA,NA,NA,N,NA,334894907.7,5,NA,NA,NA,NA,NA,N,105677.7413,1,0,0,0,0,NA,0,0,0,3.7203503,73.2244152
2016,Mongolia,NA,NA,NA,NA,2066440.18,1,2,NA,Y,816901904.6,612535342.8,7,NA,6859908733,NA,NA,NA,N,NA,NA,1,0,1,0,NA,3,5,8,46.8250388,103.8499736
2016,Myanmar,18.75,18.75,1,0,NA,NA,1,NA,N,NA,114600905.5,5,NA,11077541458,NA,NA,NA,N,2060715.954,1,0,1,1,0,NA,0,3,3,17.1750495,95.9999652
2016,Nepal,NA,NA,NA,NA,NA,NA,2,NA,N,NA,296850829,6,NA,145240005.7,NA,NA,NA,N,19250655.8,4,0,1,1,0,NA,1,6,7,28.3780464,83.9999901
2016,Pakistan,NA,NA,NA,NA,NA,NA,7,5,Y,1046655565,7622126273,19,NA,2780806913,42271096.5,1,1,N,47709559.61,1,0,0,0,0,NA,4,2,6,30.3308401,71.247499
2016,Philippines,NA,NA,NA,NA,9939491.586,2,2,NA,N,NA,2505964730,6,5252471703,5031061375,NA,NA,NA,Y,NA,NA,0,1,1,4,NA,4,3,7,14.5904492,120.9803621
2016,Russia,NA,NA,NA,NA,NA,NA,5,4,Y,165933199.4,27449545229,8,NA,4419094711,NA,NA,NA,Y,NA,NA,1,2,3,2,4,17,5,22,64.6863136,97.7453061
2016,Singapore,NA,NA,NA,NA,NA,NA,2,NA,Y,2042254762,NA,NA,15343978819,86734226479,NA,NA,NA,N,NA,NA,0,1,1,1,NA,1,2,3,1.357107,103.8194992
2016,South Korea,NA,NA,NA,NA,NA,NA,1,NA,Y,12764092.26,NA,NA,NA,14969135965,NA,NA,NA,Y,NA,NA,0,2,2,2,2,22,13,35,36.638392,127.6961188
2016,Sri Lanka,60.54,60.54,2,0,NA,NA,1,1,Y,0,2681644704,13,NA,1825638280,NA,NA,NA,N,94425170.07,2,0,1,1,0,NA,2,1,3,7.5554942,80.7137847
2016,Tajikistan,NA,NA,NA,NA,NA,NA,4,1,Y,127640.9226,515566507.8,8,NA,1479655224,156303059.5,1,1,N,NA,NA,0,1,1,0,1,2,1,3,38.6281733,70.8156541
2016,Thailand,323.8,323.8,3,0,NA,NA,4,2,Y,104665556.5,0,2,9031163189,19790611525,NA,NA,NA,Y,NA,NA,0,2,2,4,NA,15,20,35,14.8971921,100.83273
2016,Turkmenistan,15.5,15.5,2,0,NA,NA,NA,NA,N,NA,NA,NA,NA,NA,NA,NA,NA,N,NA,NA,0,0,0,0,NA,0,0,0,39.3763807,59.3924609
2016,Uzbekistan,NA,NA,NA,NA,NA,NA,1,NA,N,NA,18493604.72,2,NA,NA,NA,NA,NA,N,24702172.02,2,1,0,1,0,NA,2,0,2,41.32373,63.9528098
2016,Vietnam,NA,NA,NA,NA,NA,NA,6,NA,N,NA,5784909419,9,NA,NA,151383364.3,3,2,N,NA,NA,0,1,1,0,1,1,0,1,15.9266657,107.9650855
2017,Afghanistan,1.5,1.5,1,0,NA,NA,2,NA,N,NA,163275809.4,5,NA,NA,NA,NA,NA,N,NA,NA,0,0,0,0,1,1,0,1,33.7680065,66.2385139
2017,Bangladesh,NA,NA,NA,NA,NA,NA,2,1,N,NA,2052839819,6,NA,1354319987,NA,NA,NA,N,NA,NA,0,0,0,0,1,2,1,3,24.4769288,90.2934413
2017,Bhutan,NA,NA,NA,NA,NA,NA,NA,NA,N,NA,NA,NA,NA,22804953.85,NA,NA,NA,N,NA,NA,0,0,0,0,NA,0,0,0,27.549511,90.5119273
2017,Brunei,NA,NA,NA,NA,NA,NA,1,1,N,NA,NA,NA,NA,1095514132,NA,NA,NA,N,NA,NA,0,1,1,0,NA,0,0,0,4.4137155,114.5653908
2017,Cambodia,NA,NA,NA,NA,NA,NA,3,1,N,NA,909931087.3,12,NA,9231325494,NA,NA,NA,Y,0,1,0,4,4,1,NA,1,3,4,12.5433216,104.8144914
2017,North Korea,NA,NA,NA,NA,NA,NA,NA,NA,N,NA,NA,NA,NA,NA,NA,NA,NA,N,NA,NA,0,0,0,0,NA,0,0,0,40.3736611,127.0870417
2017,India,NA,NA,NA,NA,NA,NA,NA,NA,N,NA,NA,NA,4451520797,4225621431,NA,NA,NA,N,NA,NA,0,1,1,0,2,3,2,5,22.3511148,78.6677428
2017,Indonesia,27.6,27.6,3,0,NA,NA,1,NA,Y,0,7540367324,25,6735543818,17429450258,460692871.9,2,2,Y,NA,NA,0,1,1,0,1,7,2,9,-2.4833826,117.8902853
2017,Japan,NA,NA,NA,NA,NA,NA,NA,NA,N,NA,NA,NA,10775299343,11276068177,NA,NA,NA,Y,NA,NA,0,0,0,1,NA,14,8,22,36.5748441,139.2394179
2017,Kazakhstan,NA,NA,NA,NA,NA,NA,NA,NA,Y,0,3931770818,12,NA,17745352022,656165296.6,2,2,N,NA,NA,1,1,2,0,1,5,0,5,48.1012954,66.7780818
2017,Kyrgyzstan,NA,NA,NA,NA,NA,NA,2,NA,N,NA,251699116.1,3,NA,1745471656,0,1,1,Y,0,1,0,2,2,0,1,4,20,24,41.5089324,74.724091
2017,Laos,52.3,52.3,4,0,NA,NA,2,NA,N,NA,3493867007,17,NA,NA,NA,NA,NA,Y,113031949.5,4,1,1,2,0,1,1,1,2,20.0171109,103.378253
2017,Malaysia,110,110,1,0,NA,NA,4,NA,Y,0,4930141865,5,8543528357,23021703651,NA,NA,NA,Y,NA,NA,0,1,1,1,1,2,1,3,4.5693754,102.2656823
2017,Maldives,NA,NA,NA,NA,NA,NA,1,1,N,NA,884793961,6,NA,NA,NA,NA,NA,N,292912.5054,1,0,1,1,0,NA,0,0,0,3.7203503,73.2244152
2017,Mongolia,NA,NA,NA,NA,381542.4457,1,NA,1,Y,801565457.3,173301274.2,3,NA,6990768856,NA,NA,NA,N,NA,NA,0,1,1,0,NA,3,6,9,46.8250388,103.8499736
2017,Myanmar,NA,NA,NA,NA,15469.51583,2,2,2,N,NA,489191339.3,7,NA,11753724230,NA,NA,NA,N,NA,NA,0,2,2,0,1,0,3,3,17.1750495,95.9999652
2017,Nepal,NA,NA,NA,NA,NA,NA,2,1,N,NA,238724543,5,NA,271389664.6,NA,NA,NA,N,0,3,0,1,1,0,1,1,6,7,28.3780464,83.9999901
2017,Pakistan,1623.6,1623.6,4,0,NA,NA,6,6,Y,1027005742,8592914320,27,NA,4750907684,NA,NA,NA,N,190771.2229,1,0,1,1,0,3,4,2,6,30.3308401,71.247499
2017,Philippines,NA,NA,NA,NA,NA,NA,3,NA,N,NA,312299184.3,12,4634402921,2962959302,296499053.5,1,1,Y,9538561.143,2,1,1,2,1,NA,4,3,7,14.5904492,120.9803621
2017,Russia,NA,NA,NA,NA,NA,NA,3,5,Y,162817983.5,0,2,NA,5750611609,NA,NA,NA,Y,NA,NA,2,3,5,0,2,17,5,22,64.6863136,97.7453061
2017,Singapore,NA,NA,NA,NA,NA,NA,3,1,Y,2003913643,NA,NA,34076029108,1.11463E+11,NA,NA,NA,N,NA,NA,0,1,1,0,NA,1,2,3,1.357107,103.8194992
2017,South Korea,NA,NA,NA,NA,NA,NA,1,NA,Y,12524460.27,NA,NA,NA,15518321399,NA,NA,NA,Y,NA,NA,0,1,1,1,1,22,13,35,36.638392,127.6961188
2017,Sri Lanka,NA,NA,NA,NA,NA,NA,3,3,Y,0,2942266437,11,NA,2440486457,NA,NA,NA,N,0,1,0,1,1,0,1,2,1,3,7.5554942,80.7137847
2017,Tajikistan,3,3,2,0,NA,NA,1,NA,Y,125244.6027,407598357.5,8,NA,1601361495,NA,NA,NA,N,NA,NA,0,1,1,0,1,2,1,3,38.6281733,70.8156541
2017,Thailand,58.2,58.2,3,0,NA,NA,3,3,Y,102700574.2,0,1,11143307543,29551384386,NA,NA,NA,Y,NA,NA,0,1,1,0,NA,15,20,35,14.8971921,100.83273
2017,Turkmenistan,NA,NA,NA,NA,NA,NA,NA,NA,N,NA,NA,NA,NA,NA,NA,NA,NA,N,NA,NA,0,0,0,0,NA,0,0,0,39.3763807,59.3924609
2017,Uzbekistan,107,107,2,0,NA,NA,1,NA,N,NA,0,2,NA,NA,NA,NA,NA,N,0,1,0,1,1,0,NA,2,0,2,41.32373,63.9528098
2017,Vietnam,NA,NA,NA,NA,NA,NA,5,1,N,NA,1882055442,6,NA,NA,NA,NA,NA,N,NA,NA,1,2,3,0,1,1,0,1,15.9266657,107.9650855
2018,Afghanistan,NA,NA,NA,NA,NA,NA,NA,NA,N,NA,0,3,475152491.6,NA,NA,NA,NA,N,NA,NA,0,1,1,1,NA,1,0,1,33.7680065,66.2385139
2018,Bangladesh,266.9,266.9,5,0,NA,NA,NA,1,N,NA,7403739895,7,816736492.9,2746766235,NA,NA,NA,N,0,1,0,0,0,1,NA,2,1,3,24.4769288,90.2934413
2018,Bhutan,NA,NA,NA,NA,NA,NA,NA,NA,N,NA,NA,NA,NA,24903552.21,NA,NA,NA,N,NA,NA,0,0,0,0,NA,0,0,0,27.549511,90.5119273
2018,Brunei,NA,NA,NA,NA,NA,NA,NA,NA,N,NA,2133635405,5,156245003.5,1929277361,NA,NA,NA,N,NA,NA,1,0,1,0,NA,0,0,0,4.4137155,114.5653908
2018,Cambodia,3,3,1,0,1341142254,2,3,1,N,NA,2185152121,9,5210997549,10414526579,NA,NA,NA,Y,0,3,1,1,2,0,NA,1,3,4,12.5433216,104.8144914
2018,North Korea,NA,NA,NA,NA,NA,NA,1,NA,N,NA,0,1,604072078.6,NA,NA,NA,NA,N,NA,NA,0,3,3,0,NA,0,0,0,40.3736611,127.0870417
2018,India,NA,NA,NA,NA,NA,NA,4,1,N,NA,106937.9277,1,2641294630,4669479408,NA,NA,NA,N,NA,NA,0,2,2,1,2,5,2,7,22.3511148,78.6677428
2018,Indonesia,NA,NA,NA,NA,NA,NA,1,1,Y,0,2428324376,12,17554534302,23510683389,NA,NA,NA,Y,NA,NA,1,0,1,0,NA,8,2,10,-2.4833826,117.8902853
2018,Japan,NA,NA,NA,NA,NA,NA,1,NA,Y,0,NA,NA,13970301818,12106575406,NA,NA,NA,Y,NA,NA,1,1,2,0,NA,15,8,23,36.5748441,139.2394179
2018,Kazakhstan,NA,NA,NA,NA,NA,NA,2,NA,Y,0,886631959.5,1,5202134079,15342334302,NA,NA,NA,N,35334.56942,1,0,2,2,0,1,5,1,6,48.1012954,66.7780818
2018,Kyrgyzstan,NA,NA,NA,NA,NA,NA,2,NA,N,NA,106900290.5,3,711195949.5,1647969934,NA,NA,NA,Y,NA,NA,0,1,1,0,1,4,21,25,41.5089324,74.724091
2018,Laos,8,8,1,0,NA,NA,2,1,N,NA,489309145.5,11,6816810410,NA,NA,NA,NA,Y,0,2,0,0,0,0,NA,2,5,7,20.0171109,103.378253
2018,Malaysia,NA,NA,NA,NA,NA,NA,1,1,Y,0,19118820443,8,12308437148,27293491876,NA,NA,NA,Y,NA,NA,0,1,1,0,NA,4,1,5,4.5693754,102.2656823
2018,Maldives,NA,NA,NA,NA,NA,NA,NA,NA,N,NA,211410586.2,5,17970883.09,NA,NA,NA,NA,N,873844.8819,1,0,0,0,0,NA,0,0,0,3.7203503,73.2244152
2018,Mongolia,NA,NA,NA,NA,NA,NA,2,1,Y,784128744.1,424785568.2,7,2593553849,7266005576,NA,NA,NA,N,61145354.98,3,0,2,2,0,1,3,7,10,46.8250388,103.8499736
2018,Myanmar,NA,NA,NA,NA,0,1,6,NA,N,NA,123203664.7,13,3536663596,8972042737,NA,NA,NA,N,1285299.284,6,0,0,0,0,NA,0,3,3,17.1750495,95.9999652
2018,Nepal,NA,NA,NA,NA,NA,NA,2,1,N,NA,307611431.1,9,304445581.2,360730363.5,NA,NA,NA,N,0,3,0,1,1,0,NA,2,6,8,28.3780464,83.9999901
2018,Pakistan,1010.6,700.5,5,310.1,NA,NA,7,2,Y,1837801744,1775455401,5,4427890016,2692222551,NA,NA,NA,N,12780556.4,6,0,3,3,1,1,4,2,6,30.3308401,71.247499
2018,Philippines,NA,NA,NA,NA,NA,NA,NA,NA,N,NA,476416841.3,33,5051520331,1828651663,NA,NA,NA,Y,63618.1053,2,1,1,2,0,NA,4,3,7,14.5904492,120.9803621
2018,Russia,NA,NA,NA,NA,NA,NA,9,2,Y,159276151.2,2212120980,1,8058903050,4509533587,NA,NA,NA,Y,NA,NA,1,2,3,0,3,18,5,23,64.6863136,97.7453061
2018,Singapore,NA,NA,NA,NA,NA,NA,6,NA,Y,1960321860,NA,NA,80935397749,1.09671E+11,NA,NA,NA,N,NA,NA,1,1,2,0,NA,1,2,3,1.357107,103.8194992
2018,South Korea,NA,NA,NA,NA,NA,NA,1,NA,Y,12252011.63,NA,NA,7508633807,18930373778,NA,NA,NA,Y,NA,NA,0,1,1,0,NA,22,16,38,36.638392,127.6961188
2018,Sri Lanka,NA,NA,NA,NA,NA,NA,1,1,N,NA,664949302.7,5,307061211.7,3772219697,NA,NA,NA,N,103633719.7,2,0,0,0,0,NA,2,2,4,7.5554942,80.7137847
2018,Tajikistan,1.4,1.4,1,0,NA,NA,2,1,Y,122520.1163,324773469.6,12,957229452.6,1782951599,NA,NA,NA,N,NA,NA,1,1,2,0,1,2,2,4,38.6281733,70.8156541
2018,Thailand,NA,NA,NA,NA,0,1,4,2,Y,100466495.3,118988125.7,2,17013318148,31767259246,NA,NA,NA,Y,NA,NA,0,0,0,0,NA,16,21,37,14.8971921,100.83273
2018,Turkmenistan,NA,NA,NA,NA,NA,NA,NA,NA,N,NA,NA,NA,232480082.8,NA,NA,NA,NA,N,NA,NA,0,0,0,0,NA,0,0,0,39.3763807,59.3924609
2018,Uzbekistan,NA,NA,NA,NA,NA,NA,1,NA,N,NA,NA,NA,NA,NA,NA,NA,NA,N,7924931.503,2,0,1,1,0,NA,2,0,2,41.32373,63.9528098
2018,Vietnam,NA,NA,NA,NA,NA,NA,3,1,N,NA,2039755447,3,10135765234,NA,NA,NA,NA,N,NA,NA,0,1,1,0,NA,1,0,1,15.9266657,107.9650855
2019,Afghanistan,NA,NA,NA,NA,NA,NA,NA,NA,N,NA,NA,NA,467999142.1,NA,NA,NA,NA,N,NA,NA,0,0,0,0,NA,1,0,1,33.7680065,66.2385139
2019,Bangladesh,190,190,2,0,NA,NA,2,NA,N,NA,4789899761,5,1065971154,2044398618,NA,NA,NA,N,NA,NA,0,1,1,0,1,2,0,2,24.4769288,90.2934413
2019,Bhutan,NA,NA,NA,NA,NA,NA,NA,NA,N,NA,NA,NA,NA,27264312.88,NA,NA,NA,N,NA,NA,0,0,0,0,NA,0,0,0,27.549511,90.5119273
2019,Brunei,NA,NA,NA,NA,NA,NA,3,NA,N,NA,NA,NA,443966495.9,2452469900,NA,NA,NA,N,NA,NA,0,1,1,0,NA,0,0,0,4.4137155,114.5653908
2019,Cambodia,NA,NA,NA,NA,NA,NA,5,1,N,NA,2463025276,8,5594144127,15387838471,NA,NA,NA,Y,553052.3744,3,0,3,3,0,NA,2,0,2,12.5433216,104.8144914
2019,North Korea,NA,NA,NA,NA,NA,NA,4,NA,N,NA,NA,NA,497302225.2,NA,NA,NA,NA,N,0,1,1,1,2,0,NA,0,0,0,40.3736611,127.0870417
2019,India,NA,NA,NA,NA,NA,NA,1,1,N,NA,NA,NA,7545119129,4848485545,NA,NA,NA,N,NA,NA,1,0,1,0,2,5,0,5,22.3511148,78.6677428
2019,Indonesia,NA,NA,NA,NA,NA,NA,2,NA,Y,0,2022207654,6,12885403440,21645768868,NA,NA,NA,Y,NA,NA,0,0,0,0,NA,8,0,8,-2.4833826,117.8902853
2019,Japan,NA,NA,NA,NA,NA,NA,1,NA,Y,0,NA,NA,18208289675,13960337255,NA,NA,NA,Y,NA,NA,1,1,2,0,NA,15,0,15,36.5748441,139.2394179
2019,Kazakhstan,NA,NA,NA,NA,NA,NA,2,1,Y,0,2193733937,5,5366532496,12586079293,NA,NA,NA,N,NA,NA,0,2,2,0,1,5,0,5,48.1012954,66.7780818
2019,Kyrgyzstan,NA,NA,NA,NA,NA,NA,3,1,N,NA,20830237.6,2,793006557.1,1836447748,NA,NA,NA,Y,NA,NA,1,1,2,0,1,4,0,4,41.5089324,74.724091
2019,Laos,NA,NA,NA,NA,NA,NA,2,2,N,NA,4489462837,8,6830923024,NA,NA,NA,NA,Y,91521.25484,4,0,2,2,0,1,2,0,2,20.0171109,103.378253
2019,Malaysia,NA,NA,NA,NA,NA,NA,2,1,Y,0,12927579579,8,14197017117,31787022076,NA,NA,NA,Y,NA,NA,0,1,1,0,NA,4,0,4,4.5693754,102.2656823
2019,Maldives,NA,NA,NA,NA,NA,NA,NA,NA,N,NA,0,1,21879764.19,NA,NA,NA,NA,N,NA,NA,0,0,0,0,NA,0,0,0,3.7203503,73.2244152
2019,Mongolia,NA,NA,NA,NA,NA,NA,2,1,Y,772897573.7,184911342.5,5,1748712039,7515816695,NA,NA,NA,N,4621823.369,3,0,1,1,0,NA,3,0,3,46.8250388,103.8499736
2019,Myanmar,0,2.4,1,-2.4,336819.7308,1,1,NA,N,NA,140337122.2,4,2139381359,9085461026,NA,NA,NA,N,0,4,0,0,0,0,1,0,0,0,17.1750495,95.9999652
2019,Nepal,NA,NA,NA,NA,NA,NA,1,1,N,NA,80361153.02,3,359259699.4,318283041,NA,NA,NA,N,0,1,1,1,2,0,NA,2,0,2,28.3780464,83.9999901
2019,Pakistan,3202.5,952.5,4,2250,183042.5097,5,7,5,Y,1811478688,363345848.3,4,4742520290,3208180498,NA,NA,NA,N,50787.8987,1,0,2,2,0,2,4,0,4,30.3308401,71.247499
2019,Philippines,NA,NA,NA,NA,228255.5961,1,2,NA,N,NA,905467707.8,5,5677146432,2485484403,NA,NA,NA,Y,NA,NA,0,2,2,0,NA,4,0,4,14.5904492,120.9803621
2019,Russia,NA,NA,NA,NA,NA,NA,6,5,Y,156994819.7,NA,NA,7275339396,8186285746,NA,NA,NA,Y,NA,NA,2,1,3,0,3,18,0,18,64.6863136,97.7453061
2019,Singapore,NA,NA,NA,NA,NA,NA,5,1,Y,1932243934,NA,NA,91174361082,1.26785E+11,NA,NA,NA,N,NA,NA,0,2,2,0,NA,1,0,1,1.357107,103.8194992
2019,South Korea,NA,NA,NA,NA,NA,NA,3,NA,Y,12076524.59,NA,NA,7377728550,21127796060,NA,NA,NA,Y,NA,NA,0,2,2,0,NA,22,0,22,36.638392,127.6961188
2019,Sri Lanka,NA,NA,NA,NA,34796236.65,6,NA,NA,N,NA,1424397703,3,292437991.4,3884602848,NA,NA,NA,N,NA,NA,0,1,1,0,NA,2,0,2,7.5554942,80.7137847
2019,Tajikistan,NA,NA,NA,NA,NA,NA,NA,1,N,NA,356368181,6,632757234.8,1790954505,NA,NA,NA,N,NA,NA,1,1,2,0,1,2,0,2,38.6281733,70.8156541
2019,Thailand,306.3,306.3,6,0,NA,NA,2,5,Y,99027501.63,0,1,23557802083,44484536912,NA,NA,NA,Y,NA,NA,1,1,2,6,NA,16,0,16,14.8971921,100.83273
2019,Turkmenistan,NA,NA,NA,NA,NA,NA,NA,NA,N,NA,NA,NA,202891047.5,NA,NA,NA,NA,N,0,1,0,0,0,0,NA,0,0,0,39.3763807,59.3924609
2019,Uzbekistan,NA,NA,NA,NA,NA,NA,1,1,N,NA,1508324657,1,NA,NA,NA,NA,NA,N,NA,NA,1,2,3,0,NA,2,0,2,41.32373,63.9528098
2019,Vietnam,NA,NA,NA,NA,NA,NA,3,NA,N,NA,2368069712,8,11845729914,NA,NA,NA,NA,N,NA,NA,0,1,1,0,NA,1,0,1,15.9266657,107.9650855
2020,Afghanistan,NA,NA,NA,NA,NA,NA,NA,NA,N,NA,NA,NA,514217933.2,NA,NA,NA,NA,N,5439003.953,9,NA,NA,NA,0,1,1,0,1,33.7680065,66.2385139
2020,Bangladesh,16,16,1,0,NA,NA,1,NA,N,NA,3069266841,3,2032190149,2288144141,NA,NA,NA,N,0,2,NA,NA,NA,0,NA,2,0,2,24.4769288,90.2934413
2020,Bhutan,NA,NA,NA,NA,NA,NA,NA,NA,N,NA,NA,NA,NA,28337962.37,NA,NA,NA,N,NA,NA,NA,NA,NA,0,NA,0,0,0,27.549511,90.5119273
2020,Brunei,NA,NA,NA,NA,NA,NA,1,NA,N,NA,NA,NA,461084988.7,3143680112,NA,NA,NA,N,285403.499,8,NA,NA,NA,0,NA,0,0,0,4.4137155,114.5653908
2020,Cambodia,28.8,28.8,1,0,NA,NA,1,1,N,NA,1320039070,5,8361840691,16831390643,NA,NA,NA,Y,2708657.871,15,NA,NA,NA,0,NA,2,0,2,12.5433216,104.8144914
2020,North Korea,NA,NA,NA,NA,NA,NA,NA,NA,N,NA,NA,NA,569711692.4,NA,NA,NA,NA,N,NA,NA,NA,NA,NA,0,NA,0,0,0,40.3736611,127.0870417
2020,India,NA,NA,NA,NA,NA,NA,2,NA,N,NA,NA,NA,8556371411,5207377055,NA,NA,NA,N,NA,NA,NA,NA,NA,0,2,5,0,5,22.3511148,78.6677428
2020,Indonesia,NA,NA,NA,NA,NA,NA,2,NA,Y,0,756663222.5,5,21311522097,26107615019,NA,NA,NA,Y,4471453.849,4,NA,NA,NA,0,NA,8,0,8,-2.4833826,117.8902853
2020,Japan,NA,NA,NA,NA,NA,NA,1,NA,Y,0,NA,NA,27231714180,16976452694,NA,NA,NA,Y,NA,NA,NA,NA,NA,0,NA,15,0,15,36.5748441,139.2394179
2020,Kazakhstan,NA,NA,NA,NA,NA,NA,NA,NA,Y,0,141558266.8,2,6972876419,11559449027,NA,NA,NA,N,1633042.653,8,NA,NA,NA,0,1,5,0,5,48.1012954,66.7780818
2020,Kyrgyzstan,NA,NA,NA,NA,NA,NA,NA,NA,N,NA,0,1,2099601030,1231723258,NA,NA,NA,Y,11655835.09,16,NA,NA,NA,0,1,4,0,4,41.5089324,74.724091
2020,Laos,NA,NA,NA,NA,NA,NA,1,NA,Y,356403193.2,63045279.29,5,12119391338,NA,NA,NA,NA,Y,1421060.934,15,NA,NA,NA,0,NA,2,0,2,20.0171109,103.378253
2020,Malaysia,NA,NA,NA,NA,NA,NA,2,NA,Y,1306811709,11899.15242,1,20974511635,31359084241,NA,NA,NA,Y,8602406.058,65,NA,NA,NA,0,NA,4,0,4,4.5693754,102.2656823
2020,Maldives,NA,NA,NA,NA,NA,NA,NA,NA,N,NA,349835.0813,1,52249777.34,NA,NA,NA,NA,N,489144.4083,4,NA,NA,NA,0,NA,0,0,0,3.7203503,73.2244152
2020,Mongolia,NA,NA,NA,NA,NA,NA,NA,NA,Y,760326812.2,650536591.3,2,3844521008,7518875007,NA,NA,NA,N,1754633.933,15,NA,NA,NA,0,1,3,0,3,46.8250388,103.8499736
2020,Myanmar,164,164,3,0,NA,NA,1,NA,N,NA,53724673.2,2,4525179806,NA,NA,NA,NA,N,14951582.21,67,NA,NA,NA,0,NA,0,0,0,17.1750495,95.9999652
2020,Nepal,NA,NA,NA,NA,NA,NA,1,NA,N,NA,NA,NA,516432503.8,341915531.7,NA,NA,NA,N,2845736.221,14,NA,NA,NA,0,NA,2,0,2,28.3780464,83.9999901
2020,Pakistan,83.68,83.68,2,0,0,1,2,2,Y,1782015966,1468211843,6,7388162033,3551194846,NA,NA,NA,N,21273025.73,28,NA,NA,NA,0,1,4,0,4,30.3308401,71.247499
2020,Philippines,NA,NA,NA,NA,NA,NA,2,1,N,NA,7357589.243,1,6173663517,3058432668,NA,NA,NA,Y,7731577.349,21,NA,NA,NA,0,NA,4,0,4,14.5904492,120.9803621
2020,Russia,NA,NA,NA,NA,NA,NA,2,3,Y,154441383.7,4827269790,3,14340350479,5534113828,NA,NA,NA,Y,439866.139,20,NA,NA,NA,0,1,18,0,18,64.6863136,97.7453061
2020,Singapore,NA,NA,NA,NA,NA,NA,1,NA,Y,1900817031,NA,NA,1.18217E+11,1.43803E+11,NA,NA,NA,N,NA,NA,NA,NA,NA,0,NA,1,0,1,1.357107,103.8194992
2020,South Korea,NA,NA,NA,NA,NA,NA,2,NA,Y,11880106.44,NA,NA,8381098727,19422831057,NA,NA,NA,Y,NA,NA,NA,NA,NA,0,NA,22,0,22,36.638392,127.6961188
2020,Sri Lanka,NA,NA,NA,NA,NA,NA,NA,NA,N,NA,213533247.7,4,621827211.2,3867152009,NA,NA,NA,N,6329285.152,42,NA,NA,NA,0,NA,2,0,2,7.5554942,80.7137847
2020,Tajikistan,NA,NA,NA,NA,NA,NA,NA,NA,N,NA,689674874.5,2,1862809838,1774875357,NA,NA,NA,N,2918205.644,8,NA,NA,NA,0,1,2,0,2,38.6281733,70.8156541
2020,Thailand,6.75,6.75,1,0,NA,NA,2,1,Y,97416872.82,6798243728,2,25157915067,40596468988,NA,NA,NA,Y,4340632.968,15,NA,NA,NA,0,NA,16,0,16,14.8971921,100.83273
2020,Turkmenistan,NA,NA,NA,NA,NA,NA,NA,NA,N,NA,NA,NA,399734574.7,NA,NA,NA,NA,N,NA,NA,NA,NA,NA,0,NA,0,0,0,39.3763807,59.3924609
2020,Uzbekistan,NA,NA,NA,NA,NA,NA,NA,NA,N,NA,159299903.1,1,NA,NA,NA,NA,NA,N,851048.0756,9,NA,NA,NA,0,NA,2,0,2,41.32373,63.9528098
2020,Vietnam,NA,NA,NA,NA,NA,NA,2,NA,N,NA,353031490.7,3,15658693825,NA,NA,NA,NA,N,237481.1043,5,NA,NA,NA,0,NA,1,0,1,15.9266657,107.9650855
2021,Afghanistan,NA,NA,NA,NA,NA,NA,NA,NA,N,NA,684878.9584,2,486637629.6,NA,NA,NA,NA,N,34232369.32,4,NA,NA,NA,0,NA,1,0,1,33.7680065,66.2385139
2021,Bangladesh,43.25,43.25,2,0,NA,NA,1,NA,N,NA,1685382040,3,2466165259,2876816721,NA,NA,NA,N,62423732.29,5,NA,NA,NA,0,NA,2,0,2,24.4769288,90.2934413
2021,Bhutan,NA,NA,NA,NA,NA,NA,NA,NA,N,NA,NA,NA,NA,28068013.62,NA,NA,NA,N,NA,NA,NA,NA,NA,0,NA,0,0,0,27.549511,90.5119273
2021,Brunei,NA,NA,NA,NA,NA,NA,NA,NA,N,NA,NA,NA,107706892.2,2874742380,NA,NA,NA,N,21183795.6,2,NA,NA,NA,0,NA,0,0,0,4.4137155,114.5653908
2021,Cambodia,31.8,31.8,3,0,NA,NA,NA,NA,N,NA,868417596.4,4,7792440127,17376371999,0,2,1,Y,139490155.2,18,NA,NA,NA,0,NA,2,0,2,12.5433216,104.8144914
2021,North Korea,NA,NA,NA,NA,NA,NA,NA,NA,N,NA,NA,NA,505702933.7,NA,NA,NA,NA,N,NA,NA,NA,NA,NA,0,NA,0,0,0,40.3736611,127.0870417
2021,India,NA,NA,NA,NA,NA,NA,NA,NA,N,NA,NA,NA,8927589412,4912304230,NA,NA,NA,N,NA,NA,NA,NA,NA,0,1,5,0,5,22.3511148,78.6677428
2021,Indonesia,NA,NA,NA,NA,NA,NA,1,1,Y,0,768177347.8,6,22464129969,32641724749,NA,NA,NA,Y,84959063.32,7,NA,NA,NA,0,NA,8,0,8,-2.4833826,117.8902853
2021,Japan,NA,NA,NA,NA,NA,NA,1,NA,Y,0,NA,NA,21383446502,26725321997,NA,NA,NA,Y,NA,NA,NA,NA,NA,0,NA,14,0,14,36.5748441,139.2394179
2021,Kazakhstan,NA,NA,NA,NA,NA,NA,NA,NA,Y,0,242758958.9,1,8376227973,10205237094,NA,NA,NA,N,NA,NA,NA,NA,NA,0,2,5,0,5,48.1012954,66.7780818
2021,Kyrgyzstan,NA,NA,NA,NA,NA,NA,NA,NA,N,NA,NA,NA,1713207363,865735165.9,NA,NA,NA,Y,47212248.98,8,NA,NA,NA,0,2,4,0,4,41.5089324,74.724091
2021,Laos,NA,NA,NA,NA,NA,NA,NA,NA,Y,335611464,0,1,11119637651,NA,NA,NA,NA,Y,140705745.6,19,NA,NA,NA,0,NA,2,0,2,20.0171109,103.378253
2021,Malaysia,NA,NA,NA,NA,NA,NA,1,NA,Y,1230575368,NA,NA,19728892213,29790572644,NA,NA,NA,Y,70767373.37,9,NA,NA,NA,0,NA,4,0,4,4.5693754,102.2656823
2021,Maldives,NA,NA,NA,NA,NA,NA,NA,NA,N,NA,1456646.979,1,80586241.63,NA,NA,NA,NA,N,12502505.9,4,NA,NA,NA,0,NA,0,0,0,3.7203503,73.2244152
2021,Mongolia,NA,NA,NA,NA,NA,NA,2,NA,Y,715971123.1,NA,NA,1755824201,7743223761,NA,NA,NA,N,8054675.135,5,NA,NA,NA,0,1,3,0,3,46.8250388,103.8499736
2021,Myanmar,23,23,1,0,NA,NA,NA,NA,N,NA,140956814.9,1,4461629435,NA,NA,NA,NA,N,184552263.4,29,NA,NA,NA,0,NA,0,0,0,17.1750495,95.9999652
2021,Nepal,NA,NA,NA,NA,NA,NA,NA,NA,N,NA,8725898.063,1,518357387.7,322733126.9,NA,NA,NA,N,157834339.3,14,NA,NA,NA,0,NA,2,0,2,28.3780464,83.9999901
2021,Pakistan,1523,1110.5,3,412.5,NA,NA,3,3,Y,1678057320,1908958007,8,8373933872,3714409026,NA,NA,NA,N,94642432.83,10,NA,NA,NA,0,2,4,0,4,30.3308401,71.247499
2021,Philippines,NA,NA,NA,NA,308697860,4,NA,NA,N,NA,308697860,2,5441258264,2018988967,NA,NA,NA,Y,142276997.2,17,NA,NA,NA,0,NA,4,0,4,14.5904492,120.9803621
2021,Russia,NA,NA,NA,NA,NA,NA,4,5,Y,145431634.4,9555055797,7,11907614612,6411993765,NA,NA,NA,Y,3490.359225,4,NA,NA,NA,0,1,18,0,18,64.6863136,97.7453061
2021,Singapore,NA,NA,NA,NA,NA,NA,2,2,Y,2573021224,NA,NA,1.24883E+11,1.46142E+11,NA,NA,NA,N,NA,NA,NA,NA,NA,0,NA,1,0,1,1.357107,103.8194992
2021,South Korea,NA,NA,NA,NA,NA,NA,NA,NA,Y,11187048.8,NA,NA,7385126031,22218326308,NA,NA,NA,Y,NA,NA,NA,NA,NA,0,NA,22,0,22,36.638392,127.6961188
2021,Sri Lanka,NA,NA,NA,NA,0,1,1,NA,Y,1789927808,43298157.93,2,715698731.2,3868323843,NA,NA,NA,N,100834353.4,11,NA,NA,NA,0,NA,2,0,2,7.5554942,80.7137847
2021,Tajikistan,NA,NA,NA,NA,NA,NA,1,NA,N,NA,161128191.2,2,1820373920,1897590959,NA,NA,NA,N,70411632.02,6,NA,NA,NA,0,2,2,0,2,38.6281733,70.8156541
2021,Thailand,NA,NA,NA,NA,NA,NA,NA,1,Y,91733800.15,0,1,23661569778,38811624666,NA,NA,NA,Y,54575905.69,8,NA,NA,NA,0,NA,16,0,16,14.8971921,100.83273
2021,Turkmenistan,NA,NA,NA,NA,NA,NA,NA,NA,N,NA,NA,NA,329089862,NA,NA,NA,NA,N,0,3,NA,NA,NA,0,NA,0,0,0,39.3763807,59.3924609
2021,Uzbekistan,NA,NA,NA,NA,NA,NA,NA,NA,N,NA,512450737.8,3,NA,NA,NA,NA,NA,N,NA,NA,NA,NA,NA,0,NA,2,0,2,41.32373,63.9528098
2021,Vietnam,NA,NA,NA,NA,NA,NA,2,1,N,NA,45307547.63,1,19008801804,NA,NA,NA,NA,N,80436133.93,9,NA,NA,NA,0,1,1,0,1,15.9266657,107.9650855
2022,Afghanistan,NA,NA,NA,NA,NA,NA,NA,NA,N,NA,NA,NA,470305336.6,NA,NA,NA,NA,N,NA,NA,NA,NA,NA,NA,NA,NA,NA,NA,33.7680065,66.2385139
2022,Bangladesh,15,15,2,0,NA,NA,1,NA,N,NA,NA,NA,3145739775,2722967599,NA,NA,NA,N,NA,NA,NA,NA,NA,NA,NA,NA,NA,NA,24.4769288,90.2934413
2022,Bhutan,NA,NA,NA,NA,NA,NA,NA,NA,N,NA,NA,NA,NA,725148.7567,NA,NA,NA,N,NA,NA,NA,NA,NA,NA,NA,NA,NA,NA,27.549511,90.5119273
2022,Brunei,NA,NA,NA,NA,NA,NA,NA,NA,N,NA,NA,NA,109093498.9,2517697144,NA,NA,NA,N,NA,NA,NA,NA,NA,NA,1,NA,NA,NA,4.4137155,114.5653908
2022,Cambodia,415.8,53.8,5,362,NA,NA,3,NA,N,NA,NA,NA,7505664240,18132204786,NA,NA,NA,Y,NA,NA,NA,NA,NA,NA,NA,NA,NA,NA,12.5433216,104.8144914
2022,North Korea,NA,NA,NA,NA,NA,NA,NA,NA,N,NA,NA,NA,460074262.7,NA,NA,NA,NA,N,NA,NA,NA,NA,NA,NA,NA,NA,NA,NA,40.3736611,127.0870417
2022,India,NA,NA,NA,NA,NA,NA,NA,NA,N,NA,NA,NA,7845727179,4610863870,NA,NA,NA,N,NA,NA,NA,NA,NA,NA,2,NA,NA,NA,22.3511148,78.6677428
2022,Indonesia,NA,NA,NA,NA,NA,NA,2,NA,Y,0,NA,NA,25969307903,36685925143,NA,NA,NA,Y,NA,NA,NA,NA,NA,NA,1,NA,NA,NA,-2.4833826,117.8902853
2022,Japan,NA,NA,NA,NA,NA,NA,NA,NA,Y,0,NA,NA,22568551021,19565332023,NA,NA,NA,Y,NA,NA,NA,NA,NA,NA,1,NA,NA,NA,36.5748441,139.2394179
2022,Kazakhstan,NA,NA,NA,NA,NA,NA,1,NA,Y,0,NA,NA,7330766660,9093447173,NA,NA,NA,N,NA,NA,NA,NA,NA,NA,2,NA,NA,NA,48.1012954,66.7780818
2022,Kyrgyzstan,NA,NA,NA,NA,NA,NA,NA,NA,N,NA,NA,NA,1614556367,838405924.4,NA,NA,NA,Y,NA,NA,NA,NA,NA,NA,2,NA,NA,NA,41.5089324,74.724091
2022,Laos,3.2,3.2,1,0,NA,NA,1,1,Y,315135186.7,NA,NA,10061605143,NA,NA,NA,NA,Y,NA,NA,NA,NA,NA,NA,2,NA,NA,NA,20.0171109,103.378253
2022,Malaysia,NA,NA,NA,NA,NA,NA,NA,NA,Y,1155495685,NA,NA,20831023777,28986144751,NA,NA,NA,Y,NA,NA,NA,NA,NA,NA,2,NA,NA,NA,4.5693754,102.2656823
2022,Maldives,NA,NA,NA,NA,NA,NA,NA,NA,N,NA,NA,NA,66542160.26,NA,NA,NA,NA,N,NA,NA,NA,NA,NA,NA,NA,NA,NA,NA,3.7203503,73.2244152
2022,Mongolia,NA,NA,NA,NA,NA,NA,1,NA,Y,672288398.3,NA,NA,1562076905,7064525908,NA,NA,NA,N,NA,NA,NA,NA,NA,NA,NA,NA,NA,NA,46.8250388,103.8499736
2022,Myanmar,NA,NA,NA,NA,NA,NA,NA,NA,N,NA,NA,NA,4172941302,NA,NA,NA,NA,N,NA,NA,NA,NA,NA,NA,2,NA,NA,NA,17.1750495,95.9999652
2022,Nepal,NA,NA,NA,NA,NA,NA,NA,NA,N,NA,NA,NA,457500238.5,242824768.7,NA,NA,NA,N,NA,NA,NA,NA,NA,NA,NA,NA,NA,NA,28.3780464,83.9999901
2022,Pakistan,NA,NA,NA,NA,NA,NA,2,1,Y,1575675933,NA,NA,7166706509,3939688602,NA,NA,NA,N,NA,NA,NA,NA,NA,NA,1,NA,NA,NA,30.3308401,71.247499
2022,Philippines,NA,NA,NA,NA,NA,NA,NA,NA,N,NA,NA,NA,4861160322,1810867857,NA,NA,NA,Y,NA,NA,NA,NA,NA,NA,2,NA,NA,NA,14.5904492,120.9803621
2022,Russia,1.2,1.2,1,0,NA,NA,2,6,Y,136558580.9,NA,NA,10401091222,NA,NA,NA,NA,Y,NA,NA,NA,NA,NA,NA,3,NA,NA,NA,64.6863136,97.7453061
2022,Singapore,NA,NA,NA,NA,NA,NA,2,NA,Y,2416036431,NA,NA,1.2203E+11,1.53159E+11,NA,NA,NA,N,NA,NA,NA,NA,NA,NA,NA,NA,NA,NA,1.357107,103.8194992
2022,South Korea,NA,NA,NA,NA,NA,NA,1,NA,Y,10504506.22,NA,NA,7010861290,22289557796,NA,NA,NA,Y,NA,NA,NA,NA,NA,NA,1,NA,NA,NA,36.638392,127.6961188
2022,Sri Lanka,NA,NA,NA,NA,NA,NA,NA,NA,Y,1680720996,NA,NA,555287846.2,3504323423,NA,NA,NA,N,NA,NA,NA,NA,NA,NA,NA,NA,NA,NA,7.5554942,80.7137847
2022,Tajikistan,NA,NA,NA,NA,NA,NA,NA,NA,N,NA,NA,NA,1988386743,1976500136,NA,NA,NA,N,NA,NA,NA,NA,NA,NA,2,NA,NA,NA,38.6281733,70.8156541
2022,Thailand,NA,NA,NA,NA,NA,NA,2,1,Y,86136951.03,NA,NA,20327758347,41553800579,NA,NA,NA,Y,NA,NA,NA,NA,NA,NA,NA,NA,NA,NA,14.8971921,100.83273
2022,Turkmenistan,NA,NA,NA,NA,NA,NA,2,NA,N,NA,NA,NA,236600241.8,NA,NA,NA,NA,N,NA,NA,NA,NA,NA,NA,NA,NA,NA,NA,39.3763807,59.3924609
2022,Vietnam,NA,NA,NA,NA,NA,NA,2,NA,N,NA,NA,NA,19063357408,NA,NA,NA,NA,N,NA,NA,NA,NA,NA,NA,2,NA,NA,NA,15.9266657,107.9650855
2023,Afghanistan,NA,NA,NA,NA,NA,NA,NA,1,N,NA,NA,NA,444211583.7,NA,NA,NA,NA,N,NA,NA,NA,NA,NA,NA,NA,NA,NA,NA,33.7680065,66.2385139
2023,Bangladesh,0,0,1,0,NA,NA,1,NA,N,NA,NA,NA,4368684119,2694021008,NA,NA,NA,N,NA,NA,NA,NA,NA,NA,NA,NA,NA,NA,24.4769288,90.2934413
2023,Bhutan,NA,NA,NA,NA,NA,NA,NA,NA,N,NA,NA,NA,NA,26824719.63,NA,NA,NA,N,NA,NA,NA,NA,NA,NA,NA,NA,NA,NA,27.549511,90.5119273
2023,Brunei,NA,NA,NA,NA,NA,NA,1,NA,N,NA,NA,NA,115070768.2,3025687775,NA,NA,NA,N,NA,NA,NA,NA,NA,NA,NA,NA,NA,NA,4.4137155,114.5653908
2023,Cambodia,NA,NA,NA,NA,NA,NA,3,2,N,NA,NA,NA,8160320148,19916407224,NA,NA,NA,Y,NA,NA,NA,NA,NA,NA,NA,NA,NA,NA,12.5433216,104.8144914
2023,North Korea,NA,NA,NA,NA,NA,NA,NA,NA,N,NA,NA,NA,351580454.1,NA,NA,NA,NA,N,NA,NA,NA,NA,NA,NA,NA,NA,NA,NA,40.3736611,127.0870417
2023,India,NA,NA,NA,NA,NA,NA,1,NA,N,NA,NA,NA,8493979446,5097026249,NA,NA,NA,N,NA,NA,NA,NA,NA,NA,3,NA,NA,NA,22.3511148,78.6677428
2023,Indonesia,5,5,1,0,NA,NA,2,1,Y,0,NA,NA,26982889675,37948202311,NA,NA,NA,Y,NA,NA,NA,NA,NA,NA,1,NA,NA,NA,-2.4833826,117.8902853
2023,Japan,NA,NA,NA,NA,NA,NA,2,NA,Y,0,NA,NA,22752516528,19066520821,NA,NA,NA,Y,NA,NA,NA,NA,NA,NA,NA,NA,NA,NA,36.5748441,139.2394179
2023,Kazakhstan,NA,NA,NA,NA,NA,NA,2,NA,Y,0,NA,NA,8100866247,9186971712,NA,NA,NA,N,NA,NA,NA,NA,NA,NA,2,NA,NA,NA,48.1012954,66.7780818
2023,Kyrgyzstan,NA,NA,NA,NA,NA,NA,1,NA,N,NA,NA,NA,1520464282,695498317.8,NA,NA,NA,Y,NA,NA,NA,NA,NA,NA,3,NA,NA,NA,41.5089324,74.724091
2023,Laos,NA,NA,NA,NA,NA,NA,3,1,Y,307249207.1,NA,NA,10247067197,NA,NA,NA,NA,Y,NA,NA,NA,NA,NA,NA,2,NA,NA,NA,20.0171109,103.378253
2023,Malaysia,NA,NA,NA,NA,NA,NA,1,NA,Y,1126580426,NA,NA,21122378127,33211461320,NA,NA,NA,Y,NA,NA,NA,NA,NA,NA,NA,NA,NA,NA,4.5693754,102.2656823
2023,Maldives,NA,NA,NA,NA,NA,NA,NA,NA,N,NA,NA,NA,58243081.44,NA,NA,NA,NA,N,NA,NA,NA,NA,NA,NA,1,NA,NA,NA,3.7203503,73.2244152
2023,Mongolia,NA,NA,NA,NA,NA,NA,1,2,Y,655464975.1,NA,NA,1536469303,6931861938,NA,NA,NA,N,NA,NA,NA,NA,NA,NA,NA,NA,NA,NA,46.8250388,103.8499736
2023,Myanmar,23,23,1,0,NA,NA,1,NA,N,NA,NA,NA,3908256902,NA,NA,NA,NA,N,NA,NA,NA,NA,NA,NA,NA,NA,NA,NA,17.1750495,95.9999652
2023,Nepal,NA,NA,NA,NA,NA,NA,NA,1,N,NA,NA,NA,412336731.6,329256598.5,NA,NA,NA,N,NA,NA,NA,NA,NA,NA,1,NA,NA,NA,28.3780464,83.9999901
2023,Pakistan,NA,NA,NA,NA,NA,NA,4,3,Y,1536246035,NA,NA,6454525890,4033773614,NA,NA,NA,N,NA,NA,NA,NA,NA,NA,3,NA,NA,NA,30.3308401,71.247499
2023,Philippines,NA,NA,NA,NA,NA,NA,1,NA,N,NA,NA,NA,1222084166,1762367249,NA,NA,NA,Y,NA,NA,NA,NA,NA,NA,NA,NA,NA,NA,14.5904492,120.9803621
2023,Russia,NA,NA,NA,NA,NA,NA,7,3,Y,133141323.1,NA,NA,10925970553,NA,NA,NA,NA,Y,NA,NA,NA,NA,NA,NA,4,NA,NA,NA,64.6863136,97.7453061
2023,Singapore,NA,NA,NA,NA,NA,NA,3,2,Y,2355577254,NA,NA,1.32414E+11,1.69329E+11,NA,NA,NA,N,NA,NA,NA,NA,NA,NA,NA,NA,NA,NA,1.357107,103.8194992
2023,South Korea,NA,NA,NA,NA,NA,NA,NA,NA,Y,10241640.24,NA,NA,7157552618,22935396658,NA,NA,NA,Y,NA,NA,NA,NA,NA,NA,NA,NA,NA,NA,36.638392,127.6961188
2023,Sri Lanka,5,5,1,0,NA,NA,NA,NA,Y,1638662438,NA,NA,536851128.8,3475535763,NA,NA,NA,N,NA,NA,NA,NA,NA,NA,2,NA,NA,NA,7.5554942,80.7137847
2023,Tajikistan,NA,NA,NA,NA,NA,NA,1,NA,N,NA,NA,NA,2344178616,1775429705,NA,NA,NA,N,NA,NA,NA,NA,NA,NA,2,NA,NA,NA,38.6281733,70.8156541
2023,Thailand,NA,NA,NA,NA,NA,NA,3,3,Y,83981449.93,NA,NA,22213675115,42752538604,NA,NA,NA,Y,NA,NA,NA,NA,NA,NA,NA,NA,NA,NA,14.8971921,100.83273
2023,Turkmenistan,NA,NA,NA,NA,NA,NA,1,NA,N,NA,NA,NA,434531082.9,NA,NA,NA,NA,N,NA,NA,NA,NA,NA,NA,1,NA,NA,NA,39.3763807,59.3924609
2023,Uzbekistan,NA,NA,NA,NA,NA,NA,1,NA,N,NA,NA,NA,NA,NA,NA,NA,NA,N,NA,NA,NA,NA,NA,NA,NA,NA,NA,NA,41.32373,63.9528098
2023,Vietnam,NA,NA,NA,NA,NA,NA,4,NA,N,NA,NA,NA,20723079497,NA,NA,NA,NA,N,NA,NA,NA,NA,NA,NA,3,NA,NA,NA,15.9266657,107.9650855
2024,Bangladesh,NA,NA,NA,NA,NA,NA,NA,1,N,NA,NA,NA,NA,NA,NA,NA,NA,N,NA,NA,NA,NA,NA,NA,NA,NA,NA,NA,24.4769288,90.2934413
2024,Cambodia,NA,NA,NA,NA,NA,NA,1,1,N,NA,NA,NA,NA,NA,NA,NA,NA,Y,NA,NA,NA,NA,NA,NA,NA,NA,NA,NA,12.5433216,104.8144914
2024,India,NA,NA,NA,NA,NA,NA,NA,NA,N,NA,NA,NA,NA,NA,NA,NA,NA,N,NA,NA,NA,NA,NA,NA,2,NA,NA,NA,22.3511148,78.6677428
2024,Indonesia,NA,NA,NA,NA,NA,NA,1,NA,Y,0,NA,NA,NA,NA,NA,NA,NA,Y,NA,NA,NA,NA,NA,NA,1,NA,NA,NA,-2.4833826,117.8902853
2024,Japan,NA,NA,NA,NA,NA,NA,NA,NA,Y,0,NA,NA,NA,NA,NA,NA,NA,Y,NA,NA,NA,NA,NA,NA,NA,NA,NA,NA,36.5748441,139.2394179
2024,Kazakhstan,NA,NA,NA,NA,NA,NA,1,NA,Y,0,NA,NA,NA,NA,NA,NA,NA,N,NA,NA,NA,NA,NA,NA,4,NA,NA,NA,48.1012954,66.7780818
2024,Kyrgyzstan,NA,NA,NA,NA,NA,NA,1,NA,N,NA,NA,NA,NA,NA,NA,NA,NA,Y,NA,NA,NA,NA,NA,NA,4,NA,NA,NA,41.5089324,74.724091
2024,Laos,NA,NA,NA,NA,NA,NA,NA,1,N,NA,NA,NA,NA,NA,NA,NA,NA,Y,NA,NA,NA,NA,NA,NA,NA,NA,NA,NA,20.0171109,103.378253
2024,Malaysia,NA,NA,NA,NA,NA,NA,1,NA,Y,1100000000,NA,NA,NA,NA,NA,NA,NA,Y,NA,NA,NA,NA,NA,NA,NA,NA,NA,NA,4.5693754,102.2656823
2024,Mongolia,NA,NA,NA,NA,NA,NA,NA,1,Y,640000000,NA,NA,NA,NA,NA,NA,NA,N,NA,NA,NA,NA,NA,NA,3,NA,NA,NA,46.8250388,103.8499736
2024,Nepal,NA,NA,NA,NA,NA,NA,NA,NA,N,NA,NA,NA,NA,NA,NA,NA,NA,N,NA,NA,NA,NA,NA,NA,1,NA,NA,NA,28.3780464,83.9999901
2024,Pakistan,NA,NA,NA,NA,NA,NA,1,NA,Y,1500000000,NA,NA,NA,NA,NA,NA,NA,N,NA,NA,NA,NA,NA,NA,2,NA,NA,NA,30.3308401,71.247499
2024,Russia,NA,NA,NA,NA,NA,NA,2,2,Y,130000000,NA,NA,NA,NA,NA,NA,NA,Y,NA,NA,NA,NA,NA,NA,3,NA,NA,NA,64.6863136,97.7453061
2024,Singapore,NA,NA,NA,NA,NA,NA,1,NA,Y,2300000000,NA,NA,NA,NA,NA,NA,NA,N,NA,NA,NA,NA,NA,NA,NA,NA,NA,NA,1.357107,103.8194992
2024,South Korea,NA,NA,NA,NA,NA,NA,NA,NA,Y,10000000,NA,NA,NA,NA,NA,NA,NA,Y,NA,NA,NA,NA,NA,NA,NA,NA,NA,NA,36.638392,127.6961188
2024,Sri Lanka,NA,NA,NA,NA,NA,NA,NA,NA,Y,1600000000,NA,NA,NA,NA,NA,NA,NA,N,NA,NA,NA,NA,NA,NA,NA,NA,NA,NA,7.5554942,80.7137847
2024,Tajikistan,NA,NA,NA,NA,NA,NA,1,NA,N,NA,NA,NA,NA,NA,NA,NA,NA,N,NA,NA,NA,NA,NA,NA,3,NA,NA,NA,38.6281733,70.8156541
2024,Thailand,2.2,0,1,2.2,NA,NA,NA,1,Y,82000000,NA,NA,NA,NA,NA,NA,NA,Y,NA,NA,NA,NA,NA,NA,NA,NA,NA,NA,14.8971921,100.83273
2024,Turkmenistan,NA,NA,NA,NA,NA,NA,NA,NA,N,NA,NA,NA,NA,NA,NA,NA,NA,N,NA,NA,NA,NA,NA,NA,1,NA,NA,NA,39.3763807,59.3924609
2024,Uzbekistan,NA,NA,NA,NA,NA,NA,1,NA,N,NA,NA,NA,NA,NA,NA,NA,NA,N,NA,NA,NA,NA,NA,NA,NA,NA,NA,NA,41.32373,63.9528098
2024,Vietnam,NA,NA,NA,NA,NA,NA,1,NA,N,NA,NA,NA,NA,NA,NA,NA,NA,N,NA,NA,NA,NA,NA,NA,1,NA,NA,NA,15.9266657,107.9650855